1000
Matricula,Nome,Sobrenome,email,Telefone,Salario
1,Allan,Whittenbury,awhittenbury0@pbs.org,33-(413)461-5822,3409.87
2,Adolphus,Suddaby,asuddaby1@mapquest.com,86-(877)301-6510,3768.70
3,Esme,Blackader,eblackader2@dedecms.com,86-(447)458-1341,5681.42
4,Abra,Lune,alune3@diigo.com,263-(336)132-0359,5141.32
5,Donovan,Smelley,dsmelley4@myspace.com,63-(459)609-5412,6654.21
6,Deeanne,Blezard,dblezard5@skype.com,370-(864)787-1891,6514.03
7,Alonso,Whale,awhale6@yale.edu,62-(649)349-8693,6608.05
8,Mace,Vaneev,mvaneev7@bravesites.com,62-(376)622-5469,2224.53
9,Maude,Spadoni,mspadoni8@mozilla.org,86-(614)114-0547,7554.78
10,Lavina,Phippard,lphippard9@dot.gov,63-(826)691-0327,3743.54
11,Celka,Kuschke,ckuschkea@addthis.com,62-(558)369-8637,3351.69
12,Dulcie,Carnachen,dcarnachenb@hibu.com,976-(273)637-3212,8018.49
13,Greggory,Yurasov,gyurasovc@tuttocitta.it,1-(425)432-5320,2064.81
14,Meryl,Trussler,mtrusslerd@admin.ch,43-(914)398-2644,2620.32
15,Alyda,O'dell,aodelle@narod.ru,234-(568)308-0373,7292.05
16,Byrom,Gilardoni,bgilardonif@icq.com,62-(957)208-1475,6709.44
17,Junette,Kyndred,jkyndredg@mozilla.com,60-(527)990-2167,6963.30
18,Kleon,Thorald,kthoraldh@infoseek.co.jp,355-(976)342-0794,3316.43
19,Kaylee,Richens,krichensi@symantec.com,63-(557)957-7331,5725.20
20,Brianna,MacNeill,bmacneillj@yolasite.com,46-(290)697-8947,2291.21
21,Charlena,Inwood,cinwoodk@mapy.cz,63-(755)792-6894,6135.60
22,Violette,McHaffy,vmchaffyl@i2i.jp,356-(452)930-0021,2020.32
23,Matthew,Ferras,mferrasm@php.net,51-(183)764-7987,5941.80
24,Isaiah,Everiss,ieverissn@dyndns.org,30-(710)468-0297,3969.12
25,Lauretta,Meiningen,lmeiningeno@dagondesign.com,48-(611)701-0610,9027.33
26,Barb,Bertolin,bbertolinp@home.pl,33-(783)635-1085,7568.30
27,Lissie,Lenox,llenoxq@cocolog-nifty.com,48-(116)442-7784,8054.29
28,Tamara,Dumphreys,tdumphreysr@addtoany.com,31-(456)952-2603,9346.28
29,Gillie,Lumsdaine,glumsdaines@w3.org,62-(616)963-0220,7886.92
30,Lin,Glenn,lglennt@state.tx.us,62-(905)372-8350,6750.77
31,Rogers,Bowkett,rbowkettu@hugedomains.com,46-(117)467-1750,4386.07
32,Nicolle,Hughesdon,nhughesdonv@twitpic.com,1-(696)788-5521,8904.91
33,Lambert,Leonard,lleonardw@pen.io,972-(656)977-6292,8344.87
34,Tatiana,Cayle,tcaylex@cbslocal.com,51-(710)601-7836,5974.56
35,Del,Azam,dazamy@wunderground.com,63-(912)968-9995,4665.55
36,Gonzalo,Mishow,gmishowz@topsy.com,86-(194)716-0017,4608.99
37,Rollin,Chastagnier,rchastagnier10@geocities.com,504-(410)326-2072,3341.05
38,Paige,Edgcombe,pedgcombe11@163.com,55-(563)780-0775,7299.07
39,Napoleon,McGlade,nmcglade12@theglobeandmail.com,81-(727)194-3554,4924.96
40,Genvieve,Aleksandrev,galeksandrev13@blogs.com,7-(380)318-4964,7389.95
41,Iver,Earley,iearley14@whitehouse.gov,86-(543)848-1811,8304.06
42,Rona,Lauridsen,rlauridsen15@msu.edu,62-(231)856-0099,7153.84
43,Josy,Le Breton De La Vieuville,jlebretondelavieuville16@businessweek.com,966-(304)870-7746,4673.89
44,Myron,Denham,mdenham17@marketwatch.com,86-(701)299-0900,3985.24
45,Lavina,Davidesco,ldavidesco18@eventbrite.com,86-(765)219-2910,6920.52
46,Lorene,Gebhard,lgebhard19@jalbum.net,51-(280)557-1373,9946.06
47,Ryan,Touzey,rtouzey1a@wired.com,86-(518)455-4716,2355.26
48,Antonio,Chicchelli,achicchelli1b@cdc.gov,86-(617)858-6600,2267.40
49,Mariele,Pashan,mpashan1c@unc.edu,236-(450)229-3752,2137.61
50,Risa,Pallaske,rpallaske1d@dell.com,63-(415)278-0197,4234.21
51,Ophelie,Calvard,ocalvard1e@xing.com,62-(917)915-2138,5181.75
52,Polly,Hanscom,phanscom1f@apple.com,86-(580)181-9525,8535.23
53,Bank,Cushe,bcushe1g@statcounter.com,385-(844)180-6747,4280.76
54,Felipa,Nattriss,fnattriss1h@posterous.com,53-(658)101-2288,3198.02
55,Ricoriki,Grundwater,rgrundwater1i@bluehost.com,86-(839)198-3621,5211.83
56,Ike,De Fries,idefries1j@chicagotribune.com,63-(241)879-0144,8860.30
57,Illa,Peppett,ipeppett1k@google.fr,86-(999)217-7741,9722.16
58,Roana,Muris,rmuris1l@mozilla.com,1-(954)314-4549,6266.69
59,Cacilia,Wakley,cwakley1m@wordpress.org,262-(564)272-7101,5149.44
60,Joly,Stammers,jstammers1n@google.ru,86-(654)746-9923,3163.90
61,Angy,Callf,acallf1o@pagesperso-orange.fr,57-(944)822-8418,4473.60
62,Garik,Warnock,gwarnock1p@cloudflare.com,420-(516)125-3038,9269.89
63,Ivett,Dinnies,idinnies1q@state.tx.us,55-(187)543-9733,4662.06
64,Mathian,Bligh,mbligh1r@businessinsider.com,7-(376)820-0039,5234.18
65,Carlos,Kynsey,ckynsey1s@weibo.com,86-(820)741-5128,5045.75
66,Tamera,Kewish,tkewish1t@hostgator.com,994-(819)815-7002,3837.95
67,Babb,McCritchie,bmccritchie1u@purevolume.com,86-(250)336-1105,7934.71
68,Daniela,McCrachen,dmccrachen1v@spiegel.de,244-(545)531-1853,3927.40
69,Di,McGillecole,dmcgillecole1w@php.net,62-(602)354-0752,4529.60
70,Heidi,Kunz,hkunz1x@tuttocitta.it,82-(724)877-0250,2218.69
71,Gratiana,Cescot,gcescot1y@reddit.com,1-(915)165-4444,4058.13
72,Bruce,Tsar,btsar1z@jiathis.com,84-(277)960-2625,5107.26
73,Vale,Geane,vgeane20@slashdot.org,351-(430)399-6308,8006.45
74,Kaleb,Rowden,krowden21@opera.com,62-(282)819-1895,4245.99
75,Laura,Whitely,lwhitely22@senate.gov,970-(479)833-7998,9546.05
76,Lotte,Chieze,lchieze23@4shared.com,62-(127)825-1996,2550.63
77,Kaitlin,McAteer,kmcateer24@dagondesign.com,226-(384)985-7234,4444.81
78,Nicolea,Gherardesci,ngherardesci25@github.io,48-(637)310-6399,6140.09
79,Danny,Igonet,digonet26@paypal.com,27-(231)388-1993,3080.18
80,Jodie,Kinnear,jkinnear27@home.pl,86-(746)596-0583,5025.34
81,Humphrey,Attle,hattle28@blinklist.com,63-(127)676-3573,8312.00
82,Peder,Pynner,ppynner29@chicagotribune.com,62-(258)291-1606,2303.90
83,Wendi,Figger,wfigger2a@merriam-webster.com,55-(998)412-0342,4013.88
84,Erich,Hampton,ehampton2b@creativecommons.org,48-(267)627-8738,7523.01
85,Gnni,Breeds,gbreeds2c@lulu.com,20-(365)595-3486,5887.02
86,Hoyt,Fergyson,hfergyson2d@cam.ac.uk,55-(797)576-8478,6901.38
87,Brien,Ffoulkes,bffoulkes2e@amazon.de,63-(394)655-2293,6590.69
88,Charmane,Cayet,ccayet2f@bigcartel.com,86-(857)220-0142,8815.61
89,Oliy,Bispo,obispo2g@cbc.ca,7-(984)865-0606,2504.25
90,Regen,Quaintance,rquaintance2h@xing.com,63-(195)458-7468,4282.69
91,Padget,Marten,pmarten2i@tiny.cc,86-(226)841-4630,6865.34
92,Edin,MacCostye,emaccostye2j@icio.us,54-(832)574-1202,4709.25
93,Yoko,Aust,yaust2k@hexun.com,380-(570)569-7129,8755.87
94,Candra,Gallemore,cgallemore2l@noaa.gov,62-(130)797-8173,5711.49
95,Bellanca,Czyz,bczyz2m@ask.com,420-(247)208-4114,8639.79
96,Cirilo,Lipprose,clipprose2n@seesaa.net,49-(785)489-3373,5600.70
97,Sinclare,Joron,sjoron2o@amazon.co.uk,7-(975)320-0132,7417.95
98,Shara,Benito,sbenito2p@icio.us,86-(708)653-4402,4961.05
99,Dore,Petheridge,dpetheridge2q@nih.gov,1-(314)377-6870,7476.35
100,Wolfy,Landre,wlandre2r@feedburner.com,86-(767)170-6313,5147.17
