1000
Matricula,Nome,Sobrenome,email,Telefone,Salario
1,Allan,Whittenbury,awhittenbury0@pbs.org,33-(413)461-5822,3409.87
2,Adolphus,Suddaby,asuddaby1@mapquest.com,86-(877)301-6510,3768.70
3,Esme,Blackader,eblackader2@dedecms.com,86-(447)458-1341,5681.42
4,Abra,Lune,alune3@diigo.com,263-(336)132-0359,5141.32
5,Donovan,Smelley,dsmelley4@myspace.com,63-(459)609-5412,6654.21
6,Deeanne,Blezard,dblezard5@skype.com,370-(864)787-1891,6514.03
7,Alonso,Whale,awhale6@yale.edu,62-(649)349-8693,6608.05
8,Mace,Vaneev,mvaneev7@bravesites.com,62-(376)622-5469,2224.53
9,Maude,Spadoni,mspadoni8@mozilla.org,86-(614)114-0547,7554.78
10,Lavina,Phippard,lphippard9@dot.gov,63-(826)691-0327,3743.54
11,Celka,Kuschke,ckuschkea@addthis.com,62-(558)369-8637,3351.69
12,Dulcie,Carnachen,dcarnachenb@hibu.com,976-(273)637-3212,8018.49
13,Greggory,Yurasov,gyurasovc@tuttocitta.it,1-(425)432-5320,2064.81
14,Meryl,Trussler,mtrusslerd@admin.ch,43-(914)398-2644,2620.32
15,Alyda,O'dell,aodelle@narod.ru,234-(568)308-0373,7292.05
16,Byrom,Gilardoni,bgilardonif@icq.com,62-(957)208-1475,6709.44
17,Junette,Kyndred,jkyndredg@mozilla.com,60-(527)990-2167,6963.30
18,Kleon,Thorald,kthoraldh@infoseek.co.jp,355-(976)342-0794,3316.43
19,Kaylee,Richens,krichensi@symantec.com,63-(557)957-7331,5725.20
20,Brianna,MacNeill,bmacneillj@yolasite.com,46-(290)697-8947,2291.21
21,Charlena,Inwood,cinwoodk@mapy.cz,63-(755)792-6894,6135.60
22,Violette,McHaffy,vmchaffyl@i2i.jp,356-(452)930-0021,2020.32
23,Matthew,Ferras,mferrasm@php.net,51-(183)764-7987,5941.80
24,Isaiah,Everiss,ieverissn@dyndns.org,30-(710)468-0297,3969.12
25,Lauretta,Meiningen,lmeiningeno@dagondesign.com,48-(611)701-0610,9027.33
26,Barb,Bertolin,bbertolinp@home.pl,33-(783)635-1085,7568.30
27,Lissie,Lenox,llenoxq@cocolog-nifty.com,48-(116)442-7784,8054.29
28,Tamara,Dumphreys,tdumphreysr@addtoany.com,31-(456)952-2603,9346.28
29,Gillie,Lumsdaine,glumsdaines@w3.org,62-(616)963-0220,7886.92
30,Lin,Glenn,lglennt@state.tx.us,62-(905)372-8350,6750.77
31,Rogers,Bowkett,rbowkettu@hugedomains.com,46-(117)467-1750,4386.07
32,Nicolle,Hughesdon,nhughesdonv@twitpic.com,1-(696)788-5521,8904.91
33,Lambert,Leonard,lleonardw@pen.io,972-(656)977-6292,8344.87
34,Tatiana,Cayle,tcaylex@cbslocal.com,51-(710)601-7836,5974.56
35,Del,Azam,dazamy@wunderground.com,63-(912)968-9995,4665.55
36,Gonzalo,Mishow,gmishowz@topsy.com,86-(194)716-0017,4608.99
37,Rollin,Chastagnier,rchastagnier10@geocities.com,504-(410)326-2072,3341.05
38,Paige,Edgcombe,pedgcombe11@163.com,55-(563)780-0775,7299.07
39,Napoleon,McGlade,nmcglade12@theglobeandmail.com,81-(727)194-3554,4924.96
40,Genvieve,Aleksandrev,galeksandrev13@blogs.com,7-(380)318-4964,7389.95
41,Iver,Earley,iearley14@whitehouse.gov,86-(543)848-1811,8304.06
42,Rona,Lauridsen,rlauridsen15@msu.edu,62-(231)856-0099,7153.84
43,Josy,Le Breton De La Vieuville,jlebretondelavieuville16@businessweek.com,966-(304)870-7746,4673.89
44,Myron,Denham,mdenham17@marketwatch.com,86-(701)299-0900,3985.24
45,Lavina,Davidesco,ldavidesco18@eventbrite.com,86-(765)219-2910,6920.52
46,Lorene,Gebhard,lgebhard19@jalbum.net,51-(280)557-1373,9946.06
47,Ryan,Touzey,rtouzey1a@wired.com,86-(518)455-4716,2355.26
48,Antonio,Chicchelli,achicchelli1b@cdc.gov,86-(617)858-6600,2267.40
49,Mariele,Pashan,mpashan1c@unc.edu,236-(450)229-3752,2137.61
50,Risa,Pallaske,rpallaske1d@dell.com,63-(415)278-0197,4234.21
51,Ophelie,Calvard,ocalvard1e@xing.com,62-(917)915-2138,5181.75
52,Polly,Hanscom,phanscom1f@apple.com,86-(580)181-9525,8535.23
53,Bank,Cushe,bcushe1g@statcounter.com,385-(844)180-6747,4280.76
54,Felipa,Nattriss,fnattriss1h@posterous.com,53-(658)101-2288,3198.02
55,Ricoriki,Grundwater,rgrundwater1i@bluehost.com,86-(839)198-3621,5211.83
56,Ike,De Fries,idefries1j@chicagotribune.com,63-(241)879-0144,8860.30
57,Illa,Peppett,ipeppett1k@google.fr,86-(999)217-7741,9722.16
58,Roana,Muris,rmuris1l@mozilla.com,1-(954)314-4549,6266.69
59,Cacilia,Wakley,cwakley1m@wordpress.org,262-(564)272-7101,5149.44
60,Joly,Stammers,jstammers1n@google.ru,86-(654)746-9923,3163.90
61,Angy,Callf,acallf1o@pagesperso-orange.fr,57-(944)822-8418,4473.60
62,Garik,Warnock,gwarnock1p@cloudflare.com,420-(516)125-3038,9269.89
63,Ivett,Dinnies,idinnies1q@state.tx.us,55-(187)543-9733,4662.06
64,Mathian,Bligh,mbligh1r@businessinsider.com,7-(376)820-0039,5234.18
65,Carlos,Kynsey,ckynsey1s@weibo.com,86-(820)741-5128,5045.75
66,Tamera,Kewish,tkewish1t@hostgator.com,994-(819)815-7002,3837.95
67,Babb,McCritchie,bmccritchie1u@purevolume.com,86-(250)336-1105,7934.71
68,Daniela,McCrachen,dmccrachen1v@spiegel.de,244-(545)531-1853,3927.40
69,Di,McGillecole,dmcgillecole1w@php.net,62-(602)354-0752,4529.60
70,Heidi,Kunz,hkunz1x@tuttocitta.it,82-(724)877-0250,2218.69
71,Gratiana,Cescot,gcescot1y@reddit.com,1-(915)165-4444,4058.13
72,Bruce,Tsar,btsar1z@jiathis.com,84-(277)960-2625,5107.26
73,Vale,Geane,vgeane20@slashdot.org,351-(430)399-6308,8006.45
74,Kaleb,Rowden,krowden21@opera.com,62-(282)819-1895,4245.99
75,Laura,Whitely,lwhitely22@senate.gov,970-(479)833-7998,9546.05
76,Lotte,Chieze,lchieze23@4shared.com,62-(127)825-1996,2550.63
77,Kaitlin,McAteer,kmcateer24@dagondesign.com,226-(384)985-7234,4444.81
78,Nicolea,Gherardesci,ngherardesci25@github.io,48-(637)310-6399,6140.09
79,Danny,Igonet,digonet26@paypal.com,27-(231)388-1993,3080.18
80,Jodie,Kinnear,jkinnear27@home.pl,86-(746)596-0583,5025.34
81,Humphrey,Attle,hattle28@blinklist.com,63-(127)676-3573,8312.00
82,Peder,Pynner,ppynner29@chicagotribune.com,62-(258)291-1606,2303.90
83,Wendi,Figger,wfigger2a@merriam-webster.com,55-(998)412-0342,4013.88
84,Erich,Hampton,ehampton2b@creativecommons.org,48-(267)627-8738,7523.01
85,Gnni,Breeds,gbreeds2c@lulu.com,20-(365)595-3486,5887.02
86,Hoyt,Fergyson,hfergyson2d@cam.ac.uk,55-(797)576-8478,6901.38
87,Brien,Ffoulkes,bffoulkes2e@amazon.de,63-(394)655-2293,6590.69
88,Charmane,Cayet,ccayet2f@bigcartel.com,86-(857)220-0142,8815.61
89,Oliy,Bispo,obispo2g@cbc.ca,7-(984)865-0606,2504.25
90,Regen,Quaintance,rquaintance2h@xing.com,63-(195)458-7468,4282.69
91,Padget,Marten,pmarten2i@tiny.cc,86-(226)841-4630,6865.34
92,Edin,MacCostye,emaccostye2j@icio.us,54-(832)574-1202,4709.25
93,Yoko,Aust,yaust2k@hexun.com,380-(570)569-7129,8755.87
94,Candra,Gallemore,cgallemore2l@noaa.gov,62-(130)797-8173,5711.49
95,Bellanca,Czyz,bczyz2m@ask.com,420-(247)208-4114,8639.79
96,Cirilo,Lipprose,clipprose2n@seesaa.net,49-(785)489-3373,5600.70
97,Sinclare,Joron,sjoron2o@amazon.co.uk,7-(975)320-0132,7417.95
98,Shara,Benito,sbenito2p@icio.us,86-(708)653-4402,4961.05
99,Dore,Petheridge,dpetheridge2q@nih.gov,1-(314)377-6870,7476.35
100,Wolfy,Landre,wlandre2r@feedburner.com,86-(767)170-6313,5147.17
101,Zelma,Claw,zclaw2s@pen.io,55-(807)911-9717,6734.59
102,Catlee,Dudleston,cdudleston2t@eventbrite.com,7-(577)804-7263,8526.51
103,Casandra,Teall,cteall2u@facebook.com,84-(772)978-2814,2938.13
104,Ricard,Gretton,rgretton2v@webs.com,593-(146)846-8187,7384.23
105,Etty,Axup,eaxup2w@ebay.co.uk,84-(166)221-2202,5196.83
106,Alfy,Wychard,awychard2x@mapy.cz,57-(906)972-6348,2366.27
107,Carrol,Lauridsen,clauridsen2y@nydailynews.com,86-(540)560-3553,8282.69
108,Kellyann,Grinaugh,kgrinaugh2z@jalbum.net,27-(240)638-3069,4906.77
109,Allan,Chastney,achastney30@ted.com,86-(913)628-8737,7599.89
110,Haslett,Basindale,hbasindale31@jimdo.com,1-(858)248-0565,3003.90
111,Timmie,Batistelli,tbatistelli32@barnesandnoble.com,33-(840)545-6525,9416.50
112,Ada,Corington,acorington33@github.com,62-(206)424-6072,2676.05
113,Estella,Gaffey,egaffey34@twitpic.com,46-(966)899-0982,8599.50
114,Osborn,Josovich,ojosovich35@earthlink.net,86-(863)729-9144,4105.00
115,Hilary,Atack,hatack36@squarespace.com,86-(252)953-7567,5190.14
116,Willyt,Abelson,wabelson37@hexun.com,84-(199)257-7427,5909.49
117,Leodora,Kirtland,lkirtland38@storify.com,375-(347)340-0727,7360.03
118,Mavis,Lamort,mlamort39@discuz.net,86-(646)945-4582,4437.48
119,Casi,Mushart,cmushart3a@storify.com,351-(724)615-5136,8368.40
120,Farrah,Beacock,fbeacock3b@google.ca,86-(708)529-8827,6215.69
121,Jareb,MacCahey,jmaccahey3c@apple.com,86-(348)146-8711,9114.16
122,Hew,Tordiffe,htordiffe3d@istockphoto.com,46-(120)301-9601,7030.24
123,Regan,Robertshaw,rrobertshaw3e@yandex.ru,380-(537)661-9300,8237.51
124,Leonora,Barrow,lbarrow3f@ihg.com,86-(129)770-5806,4718.93
125,Olva,Menguy,omenguy3g@lycos.com,55-(427)564-1424,2105.84
126,Lauren,Ort,lort3h@state.gov,86-(270)232-9572,5599.96
127,Saxe,Langlands,slanglands3i@gravatar.com,351-(658)264-7722,5785.25
128,Judah,Dyott,jdyott3j@weebly.com,62-(875)430-5641,5777.35
129,Glenda,Greatrakes,ggreatrakes3k@unc.edu,964-(299)426-4452,2718.12
130,Rabbi,Fanstone,rfanstone3l@desdev.cn,81-(223)384-0200,8907.47
131,Vasily,Gepp,vgepp3m@privacy.gov.au,62-(408)808-5905,8128.37
132,Dagmar,Wison,dwison3n@e-recht24.de,33-(296)203-3163,7388.68
133,Panchito,Tappor,ptappor3o@umich.edu,389-(408)370-2054,8351.83
134,Ross,Castell,rcastell3p@geocities.com,218-(604)856-5819,7253.43
135,Leland,Duro,lduro3q@woothemes.com,86-(436)238-2890,2419.57
136,Vassili,Guilfoyle,vguilfoyle3r@sitemeter.com,48-(249)690-3450,3798.17
137,Sheff,Eastup,seastup3s@va.gov,7-(280)692-1460,5057.31
138,Fulvia,Northern,fnorthern3t@wunderground.com,95-(924)204-8225,5760.72
139,Edan,Clarson,eclarson3u@dot.gov,30-(688)622-8770,7461.58
140,Eugene,Owbrick,eowbrick3v@weather.com,1-(936)111-6264,9072.66
141,Dasie,Augustus,daugustus3w@reverbnation.com,62-(307)854-3302,5044.20
142,Rutger,Goad,rgoad3x@google.co.jp,44-(832)300-7131,4965.17
143,Rose,Krollman,rkrollman3y@meetup.com,62-(112)721-9482,3363.54
144,Theresina,Western,twestern3z@kickstarter.com,48-(824)607-2613,9509.01
145,Grier,Korneluk,gkorneluk40@nba.com,51-(844)356-5584,9686.05
146,Gardie,Boodle,gboodle41@unblog.fr,30-(455)663-9167,3716.24
147,Paolo,Laneham,planeham42@ebay.co.uk,55-(725)898-7303,7133.09
148,Rachelle,Oakenfall,roakenfall43@hud.gov,86-(792)887-6484,5861.29
149,Alla,Peniman,apeniman44@google.co.jp,970-(753)929-7492,4132.05
150,Nariko,Bastow,nbastow45@lycos.com,351-(161)391-0860,3594.92
151,Ruttger,Pinniger,rpinniger46@reverbnation.com,995-(876)338-8320,5285.71
152,Hope,Odcroft,hodcroft47@networksolutions.com,86-(457)457-1119,4147.83
153,Wright,McIlvaney,wmcilvaney48@cyberchimps.com,86-(310)891-5374,5746.31
154,Cathie,Parbrook,cparbrook49@nih.gov,251-(372)965-6800,4923.57
155,Malcolm,Elders,melders4a@dailymotion.com,51-(479)520-1768,5659.02
156,Correna,Ashment,cashment4b@webeden.co.uk,62-(240)520-8114,3809.10
157,Emmey,Kolinsky,ekolinsky4c@princeton.edu,63-(934)127-6033,4656.63
158,Zack,Rawstorne,zrawstorne4d@icq.com,86-(291)112-1011,5770.83
159,Joyce,Sedgmond,jsedgmond4e@acquirethisname.com,62-(376)721-5255,3841.65
160,Milo,Bugge,mbugge4f@odnoklassniki.ru,359-(406)360-5623,3519.99
161,Raynell,Screech,rscreech4g@flavors.me,55-(912)503-9342,8050.21
162,Dalt,Bonafacino,dbonafacino4h@archive.org,1-(941)756-0029,5840.73
163,Katine,Symcox,ksymcox4i@de.vu,251-(293)585-6010,9369.13
164,Sawyere,Garrattley,sgarrattley4j@gov.uk,66-(569)880-4740,3928.68
165,Georgiana,Tozer,gtozer4k@so-net.ne.jp,86-(310)630-3904,5846.29
166,Cristabel,Costello,ccostello4l@com.com,33-(873)535-3556,4207.35
167,Joyan,Heaviside,jheaviside4m@ezinearticles.com,55-(597)141-7399,3901.85
168,Stephanus,Cutten,scutten4n@wsj.com,51-(316)839-1407,7121.38
169,Lavena,Duchasteau,lduchasteau4o@ebay.co.uk,381-(565)541-3257,2163.53
170,Millisent,Southan,msouthan4p@friendfeed.com,86-(594)841-2548,7658.52
171,Sid,Shenton,sshenton4q@myspace.com,63-(104)241-7133,5860.43
172,Margo,But,mbut4r@ebay.com,66-(546)866-5286,4796.00
173,Jeanelle,Hukins,jhukins4s@paginegialle.it,62-(341)234-0169,5862.43
174,Trula,Anders,tanders4t@paginegialle.it,63-(159)227-9766,5802.57
175,Opal,Overpool,ooverpool4u@senate.gov,46-(385)432-6070,5865.35
176,Barthel,Diack,bdiack4v@ycombinator.com,963-(146)923-9417,3319.49
177,Michaeline,Christophe,mchristophe4w@china.com.cn,62-(882)148-1104,2480.15
178,Neil,Berrane,nberrane4x@blogs.com,84-(263)802-0378,9211.94
179,Lorraine,Antonoyev,lantonoyev4y@forbes.com,86-(892)276-8024,6527.85
180,Gunilla,Hurren,ghurren4z@indiegogo.com,1-(716)676-2335,7579.34
181,Ivette,Vignal,ivignal50@ucoz.ru,86-(580)361-3064,9058.64
182,Angel,Moatt,amoatt51@admin.ch,216-(781)918-4299,4902.94
183,Keith,McGaughie,kmcgaughie52@jiathis.com,7-(586)875-6860,4252.87
184,Addy,Heppner,aheppner53@yahoo.com,86-(143)379-8735,7098.45
185,Kimbra,Mardle,kmardle54@abc.net.au,236-(560)295-0174,9966.89
186,Yardley,Skillett,yskillett55@webnode.com,86-(819)410-9793,2548.30
187,Joly,Pitchers,jpitchers56@washington.edu,966-(432)371-7248,6000.11
188,Fara,Anglish,fanglish57@mashable.com,86-(272)847-3503,4953.13
189,Danyette,Bletsoe,dbletsoe58@imdb.com,51-(304)817-2228,3525.01
190,Bobine,Onians,bonians59@netscape.com,352-(475)630-9173,7978.50
191,Georgette,Nise,gnise5a@pen.io,7-(100)185-7918,3811.49
192,Lauri,Cookson,lcookson5b@ow.ly,994-(477)815-5643,6619.25
193,Corrianne,Bison,cbison5c@ustream.tv,31-(541)635-6160,5952.19
194,Merline,Willshaw,mwillshaw5d@free.fr,62-(644)456-0538,6178.59
195,Clark,Wordsley,cwordsley5e@census.gov,359-(373)971-6198,6836.54
196,Helaina,Manns,hmanns5f@ted.com,86-(907)653-1757,3965.20
197,Mendy,Renton,mrenton5g@jugem.jp,57-(336)315-6442,9581.24
198,Ingram,Sowerby,isowerby5h@vistaprint.com,232-(864)989-4654,6457.51
199,Astrid,Yakobowitz,ayakobowitz5i@webeden.co.uk,60-(949)889-1622,5968.88
200,Cinda,Lackey,clackey5j@businessweek.com,55-(298)925-8225,3202.28
201,Jefferson,Grendon,jgrendon5k@imdb.com,48-(203)375-0832,8915.85
202,Aeriela,Eke,aeke5l@mit.edu,380-(844)601-6013,3513.76
203,Rabi,Crummey,rcrummey5m@ning.com,964-(593)483-5722,4228.17
204,Reba,Crinkley,rcrinkley5n@bigcartel.com,66-(664)477-1070,7605.30
205,Camille,Stannah,cstannah5o@google.it,62-(440)953-4275,3611.53
206,Marlyn,Wolfart,mwolfart5p@fda.gov,62-(551)793-7644,8949.80
207,Coop,Burde,cburde5q@narod.ru,254-(168)119-4069,5100.84
208,Gussy,Greatex,ggreatex5r@virginia.edu,374-(828)544-5653,7265.30
209,Link,Whatson,lwhatson5s@hhs.gov,62-(174)501-5918,9413.00
210,Chantal,Obert,cobert5t@tmall.com,48-(386)940-2027,5591.14
211,Stafford,Crone,scrone5u@51.la,850-(952)820-4431,9856.95
212,Dianemarie,Tremethack,dtremethack5v@ycombinator.com,86-(425)492-3848,6545.46
213,Dick,Wontner,dwontner5w@zdnet.com,960-(223)941-7592,3068.55
214,Andi,Woodman,awoodman5x@ed.gov,596-(596)391-8947,5212.40
215,Paxon,Dufaur,pdufaur5y@tripod.com,46-(461)696-8340,3007.21
216,Greggory,Dowdall,gdowdall5z@wikipedia.org,1-(203)605-3598,8137.96
217,Sawyere,Gelder,sgelder60@telegraph.co.uk,63-(934)114-2729,5153.02
218,Donielle,Whellans,dwhellans61@examiner.com,998-(393)825-8455,8767.20
219,Vikky,Killock,vkillock62@macromedia.com,371-(317)471-4604,3991.71
220,Antonio,Sarfat,asarfat63@sun.com,46-(282)672-9246,3422.09
221,Ardella,Justun,ajustun64@pagesperso-orange.fr,355-(710)320-2670,8638.55
222,Christoffer,Bangs,cbangs65@google.nl,51-(906)741-4352,5101.89
223,Kimberli,Chalk,kchalk66@cargocollective.com,62-(113)974-3000,9167.95
224,Jarrod,Harlow,jharlow67@reuters.com,62-(900)150-2143,4071.24
225,Lyda,Martschke,lmartschke68@admin.ch,86-(866)663-8246,2228.29
226,Dorisa,Bryant,dbryant69@bigcartel.com,374-(103)576-2582,8618.51
227,Paule,Jaher,pjaher6a@ihg.com,46-(795)352-2821,3908.35
228,Domenic,Bagnell,dbagnell6b@yahoo.co.jp,351-(447)279-9524,4911.43
229,Justen,Ragless,jragless6c@t-online.de,84-(797)771-0780,2161.01
230,Emmalynne,Veronique,everonique6d@latimes.com,33-(551)343-5259,3932.34
231,Olive,Bryenton,obryenton6e@cdc.gov,351-(321)537-3769,8916.24
232,Clare,Amott,camott6f@nba.com,86-(438)212-6042,9648.72
233,Evy,Maude,emaude6g@ifeng.com,62-(658)946-7788,4232.82
234,Manda,O'Currigan,mocurrigan6h@mail.ru,389-(576)297-0271,8471.02
235,Mannie,Brockie,mbrockie6i@diigo.com,84-(156)339-7529,7716.13
236,Hillyer,Hainsworth,hhainsworth6j@omniture.com,54-(704)769-3001,5484.27
237,Glori,Sabbin,gsabbin6k@yelp.com,33-(407)776-3868,5998.58
238,Rainer,Eldred,reldred6l@sfgate.com,62-(315)449-1528,7194.12
239,Luisa,Dunning,ldunning6m@drupal.org,86-(776)738-3784,8881.09
240,Anstice,Vauter,avauter6n@epa.gov,55-(197)436-2765,7827.59
241,Quill,Cuxon,qcuxon6o@boston.com,86-(911)672-8772,9583.62
242,Trever,Tackley,ttackley6p@yelp.com,57-(450)730-2459,4692.36
243,Eugene,Coxall,ecoxall6q@msu.edu,351-(365)913-3384,9315.40
244,Annabelle,Dunkerk,adunkerk6r@mediafire.com,33-(676)765-5481,7558.98
245,Pip,MacKilroe,pmackilroe6s@xing.com,86-(609)465-3556,8384.73
246,Rodger,Dimond,rdimond6t@symantec.com,358-(993)925-0602,9504.10
247,Adiana,Bollard,abollard6u@craigslist.org,55-(436)674-3607,5799.54
248,Brody,Weekly,bweekly6v@engadget.com,54-(453)324-4516,6180.58
249,Ronda,Norssister,rnorssister6w@ezinearticles.com,33-(780)105-6665,4975.25
250,Silva,Beach,sbeach6x@biblegateway.com,48-(735)865-7657,9326.93
251,Selby,Missington,smissington6y@webnode.com,51-(990)576-2703,2369.54
252,Maryellen,Hedworth,mhedworth6z@amazon.co.jp,86-(457)814-6212,8168.17
253,Stacee,Gianneschi,sgianneschi70@naver.com,420-(531)639-0949,7469.24
254,Arvin,Rubinfeld,arubinfeld71@theatlantic.com,420-(200)667-9495,6510.35
255,Byrle,Colebeck,bcolebeck72@usgs.gov,86-(513)286-1187,8988.23
256,Juliet,Lerner,jlerner73@toplist.cz,86-(549)618-7213,4256.44
257,Deidre,O'Logan,dologan74@jalbum.net,62-(397)825-8320,6400.59
258,Menard,Peplaw,mpeplaw75@telegraph.co.uk,86-(416)415-9794,7164.54
259,Evelina,Bercher,ebercher76@ustream.tv,55-(184)994-4914,5394.28
260,Barbaraanne,Burwood,bburwood77@xing.com,62-(246)914-4165,2598.81
261,Balduin,Connal,bconnal78@parallels.com,351-(499)754-7149,8800.50
262,Dulcea,Giannazzi,dgiannazzi79@list-manage.com,254-(440)822-4545,5788.00
263,Marilee,Yeude,myeude7a@google.nl,249-(623)327-5404,5819.73
264,Gayleen,Bisacre,gbisacre7b@friendfeed.com,63-(406)320-4686,4915.69
265,Paolina,Leyman,pleyman7c@gnu.org,62-(331)181-6836,9650.61
266,Cristiano,Gillean,cgillean7d@storify.com,48-(670)854-8251,5998.11
267,Suzanna,Karslake,skarslake7e@mac.com,1-(215)592-2979,6742.13
268,Jerry,Millington,jmillington7f@aol.com,62-(604)353-3342,3743.57
269,Shela,Renner,srenner7g@who.int,255-(800)752-5579,5736.28
270,Cynthea,Irwin,cirwin7h@europa.eu,7-(928)391-6859,7221.47
271,Winfield,Ovise,wovise7i@about.com,86-(132)706-1855,3353.50
272,Valry,Meryett,vmeryett7j@wikimedia.org,86-(425)700-9542,2912.02
273,Clary,Chown,cchown7k@webnode.com,48-(763)407-2405,3927.49
274,Latashia,McAw,lmcaw7l@alexa.com,1-(408)225-2749,8898.18
275,Tabatha,Gudde,tgudde7m@t-online.de,62-(590)220-6670,9306.66
276,Milena,Bockings,mbockings7n@deviantart.com,62-(435)439-2925,3385.89
277,Bax,Zoanetti,bzoanetti7o@phoca.cz,212-(358)242-9595,5884.40
278,Dulcine,Peeke-Vout,dpeekevout7p@hao123.com,351-(542)708-6066,8672.65
279,Gaylene,Tomovic,gtomovic7q@unesco.org,962-(658)142-1510,4042.31
280,Francesca,Maden,fmaden7r@nature.com,967-(526)450-9529,2233.12
281,Renata,Mounfield,rmounfield7s@symantec.com,380-(707)420-5941,7578.35
282,Araldo,Scholler,ascholler7t@dedecms.com,81-(249)293-1863,8106.74
283,Teriann,Balham,tbalham7u@blogtalkradio.com,1-(867)682-2560,3857.06
284,Patric,Perutto,pperutto7v@harvard.edu,7-(390)491-4310,3613.67
285,Cissiee,Rattery,crattery7w@sohu.com,98-(129)618-1285,4384.72
286,Gunther,Yashnov,gyashnov7x@google.com.br,86-(787)430-3147,5100.95
287,Lenore,Laviste,llaviste7y@imageshack.us,33-(634)953-2921,7476.74
288,Faustina,Greenier,fgreenier7z@bandcamp.com,380-(444)609-2078,2254.06
289,Jordon,Quadri,jquadri80@infoseek.co.jp,263-(115)778-7312,3779.76
290,Ilsa,Beven,ibeven81@epa.gov,242-(737)111-9303,3698.87
291,Reider,McJarrow,rmcjarrow82@free.fr,86-(935)625-4746,5196.61
292,Jamaal,Hammell,jhammell83@mysql.com,420-(741)755-9477,8994.46
293,Christy,Dow,cdow84@stumbleupon.com,48-(271)828-7458,3339.95
294,Seline,Alabone,salabone85@abc.net.au,57-(834)109-7221,7220.36
295,Somerset,Pavett,spavett86@state.gov,359-(695)277-9771,9216.00
296,Farah,Enoksson,fenoksson87@drupal.org,46-(922)407-2156,9232.12
297,Stacy,Amburgy,samburgy88@ucla.edu,62-(676)161-2348,7904.01
298,Niki,Alecock,nalecock89@bigcartel.com,970-(458)552-2762,2358.72
299,Noell,Bertenshaw,nbertenshaw8a@mtv.com,86-(656)539-6633,6813.19
300,Saleem,Bertouloume,sbertouloume8b@hp.com,351-(102)104-9837,6172.63
301,Had,Broad,hbroad8c@bigcartel.com,63-(671)957-4800,5763.49
302,Morgan,Yurtsev,myurtsev8d@blogger.com,33-(990)649-8625,2788.79
303,Correy,Witheford,cwitheford8e@buzzfeed.com,48-(621)620-1885,2969.56
304,Caldwell,Nyles,cnyles8f@elegantthemes.com,54-(511)488-9914,3638.12
305,Eugenia,Muffen,emuffen8g@wired.com,30-(274)346-6839,8123.18
306,Zola,Sustins,zsustins8h@mashable.com,351-(554)934-5648,6490.89
307,Mattheus,Loveday,mloveday8i@foxnews.com,86-(233)119-6755,9339.83
308,Merill,Grason,mgrason8j@intel.com,352-(398)150-9846,3137.99
309,Lyell,Poxton,lpoxton8k@unc.edu,54-(120)921-5616,9015.98
310,Sidonia,Duffie,sduffie8l@addthis.com,375-(709)702-6596,8894.28
311,Sharl,Josuweit,sjosuweit8m@bing.com,62-(806)801-9679,8601.13
312,Armstrong,Schruyers,aschruyers8n@stanford.edu,51-(718)442-6372,5927.57
313,Jaimie,Swetenham,jswetenham8o@answers.com,30-(409)654-6978,5072.33
314,Valene,Rushman,vrushman8p@vk.com,43-(613)404-7508,5602.17
315,Melina,Northcote,mnorthcote8q@china.com.cn,234-(452)648-7060,5895.70
316,Lira,Americi,lamerici8r@usnews.com,1-(275)582-7142,4172.19
317,Goldi,McAughtrie,gmcaughtrie8s@g.co,62-(218)897-4373,3232.54
318,Elmore,Adnet,eadnet8t@wikipedia.org,351-(792)951-2631,9076.45
319,Iggy,Castelluzzi,icastelluzzi8u@csmonitor.com,1-(565)414-4587,4571.22
320,Pennie,Raistrick,praistrick8v@opera.com,56-(841)294-6535,5952.11
321,Trula,Huggett,thuggett8w@who.int,86-(478)448-2951,7694.37
322,Cara,Pallesen,cpallesen8x@ifeng.com,55-(209)230-0166,2906.41
323,Ermina,McAndrew,emcandrew8y@telegraph.co.uk,7-(333)494-2133,3240.71
324,Sacha,Marjoram,smarjoram8z@foxnews.com,55-(617)917-3533,4647.54
325,Bendite,McVicker,bmcvicker90@salon.com,66-(121)216-3617,8487.48
326,Lionello,Brayford,lbrayford91@columbia.edu,63-(824)194-5326,6024.05
327,Edin,Kennermann,ekennermann92@cnet.com,385-(354)997-2681,9785.02
328,Hill,Hassin,hhassin93@technorati.com,237-(521)345-4726,3095.06
329,Modestia,Cogger,mcogger94@walmart.com,233-(301)842-9578,4264.74
330,Gordan,Icke,gicke95@sina.com.cn,60-(490)961-2461,9749.95
331,Feliks,Yegorov,fyegorov96@scribd.com,7-(525)273-9859,3259.39
332,Doralynn,Hort,dhort97@flickr.com,7-(587)907-1492,9639.55
333,Oralle,Arlett,oarlett98@go.com,86-(893)459-9980,9151.04
334,Kimberlee,Girth,kgirth99@tmall.com,86-(848)354-7757,9913.78
335,Willis,Pain,wpain9a@nature.com,1-(231)891-6970,5735.68
336,Lucretia,Yven,lyven9b@ucoz.ru,86-(571)982-2647,4158.12
337,Buckie,De Gowe,bdegowe9c@reverbnation.com,54-(573)820-7470,3777.93
338,Nerta,Rawkesby,nrawkesby9d@sitemeter.com,62-(162)293-2345,5570.95
339,Quill,Fingleton,qfingleton9e@pen.io,227-(140)127-9738,5002.34
340,Rozina,Braga,rbraga9f@etsy.com,598-(605)103-6085,8795.30
341,Dorelia,Bancroft,dbancroft9g@bravesites.com,86-(601)984-1494,6494.28
342,Javier,Divell,jdivell9h@vinaora.com,256-(905)802-8822,4032.45
343,Linzy,McKew,lmckew9i@kickstarter.com,86-(409)598-6527,4803.19
344,Patty,De Bruyne,pdebruyne9j@buzzfeed.com,880-(915)841-8516,4429.67
345,Barrett,Fernant,bfernant9k@scribd.com,62-(512)496-8374,5773.23
346,Fawnia,Gell,fgell9l@g.co,692-(835)954-4999,3764.55
347,Manon,Mouget,mmouget9m@cafepress.com,86-(790)763-9575,4198.58
348,Oriana,Daldan,odaldan9n@npr.org,46-(530)227-3364,3997.15
349,Bamby,Harcus,bharcus9o@diigo.com,62-(924)316-0575,9084.60
350,Viola,Bonnick,vbonnick9p@senate.gov,236-(756)287-0897,5993.35
351,Smith,Kaye,skaye9q@booking.com,358-(413)589-4395,6656.09
352,Lucine,Rennick,lrennick9r@boston.com,62-(303)796-0428,4095.47
353,Danella,Gartland,dgartland9s@addthis.com,33-(665)663-9584,4651.65
354,Duffy,Wraggs,dwraggs9t@alibaba.com,55-(446)173-9796,9771.39
355,Bryna,Lesley,blesley9u@github.com,62-(458)323-2639,7626.32
356,Clarita,Manifold,cmanifold9v@amazonaws.com,233-(965)684-6935,2248.15
357,Marie,Cancelier,mcancelier9w@seesaa.net,385-(523)133-9237,3729.75
358,Joyan,Lathbury,jlathbury9x@prlog.org,55-(142)998-7164,3826.12
359,Kirsti,Morrison,kmorrison9y@cmu.edu,370-(757)999-1949,2912.13
360,Lida,Kock,lkock9z@hexun.com,967-(575)624-1739,6702.83
361,Tandy,Smewin,tsmewina0@hatena.ne.jp,963-(957)820-9111,4140.49
362,Shelbi,Docwra,sdocwraa1@ow.ly,33-(272)948-3588,8253.87
363,Travers,Dionsetti,tdionsettia2@accuweather.com,54-(634)451-8803,5275.53
364,Eldon,Josipovitz,ejosipovitza3@etsy.com,62-(339)846-9553,8705.78
365,Ermentrude,O'Crevy,eocrevya4@jigsy.com,86-(372)246-7613,2110.25
366,Zane,Sim,zsima5@hostgator.com,63-(588)274-4103,8744.21
367,Georgette,Stroulger,gstroulgera6@barnesandnoble.com,86-(878)507-9318,3572.56
368,Hattie,Frift,hfrifta7@altervista.org,62-(144)917-4939,7171.37
369,Donal,Fabbro,dfabbroa8@vk.com,86-(478)876-4110,5169.26
370,Joey,Gallego,jgallegoa9@ftc.gov,48-(670)571-1651,3931.07
371,Morris,Looby,mloobyaa@scribd.com,45-(931)524-8925,3580.41
372,Hope,Vernazza,hvernazzaab@blogger.com,1-(447)153-4831,9315.09
373,Ronald,Verduin,rverduinac@ameblo.jp,63-(339)493-4103,8366.27
374,Remus,MacConnal,rmacconnalad@sakura.ne.jp,81-(658)403-4134,6015.65
375,Gordy,Tellett,gtellettae@businessinsider.com,7-(710)398-7422,4875.71
376,Marthe,Nerne,mnerneaf@fema.gov,57-(979)522-7485,4520.38
377,Dario,Symcoxe,dsymcoxeag@slate.com,86-(924)421-5556,5163.33
378,Neale,Sappson,nsappsonah@behance.net,86-(780)150-5812,2449.66
379,Roosevelt,Mowday,rmowdayai@linkedin.com,966-(436)769-5634,7783.74
380,Christal,Langdridge,clangdridgeaj@columbia.edu,62-(177)561-8588,2914.71
381,Alphonse,Riddington,ariddingtonak@people.com.cn,389-(885)571-3777,3963.27
382,Bette-ann,Roseburgh,broseburghal@taobao.com,1-(418)829-2416,3405.10
383,Shane,Goburn,sgoburnam@tumblr.com,48-(684)789-4672,2595.37
384,Annamaria,Dooler,adooleran@theatlantic.com,228-(241)788-7417,4029.07
385,Oralie,Dewett,odewettao@dot.gov,212-(897)567-5949,9638.89
386,Homerus,Collimore,hcollimoreap@php.net,63-(619)559-5416,7567.29
387,Ignace,Blakeborough,iblakeboroughaq@cnbc.com,60-(524)220-9927,2987.71
388,Ashla,Felgat,afelgatar@addthis.com,420-(776)838-2509,7501.40
389,Briney,McCluskey,bmccluskeyas@soundcloud.com,86-(942)249-1172,5935.46
390,Marybelle,Rikard,mrikardat@constantcontact.com,57-(591)307-4212,2548.72
391,Gilbertine,Scadden,gscaddenau@pinterest.com,56-(348)171-1499,5136.35
392,Fanny,Cancellieri,fcancellieriav@umich.edu,51-(866)386-8537,8836.66
393,Cahra,Bond,cbondaw@desdev.cn,86-(854)286-6845,2037.80
394,Willa,Skoggings,wskoggingsax@drupal.org,54-(971)427-3613,9605.42
395,Dorris,Dunnan,ddunnanay@arizona.edu,84-(189)201-8189,6712.66
396,Maura,Ainscow,mainscowaz@wsj.com,358-(883)132-6605,5753.56
397,Nanny,Shedden,nsheddenb0@webnode.com,48-(726)133-1803,2071.26
398,Sybil,Roskrug,sroskrugb1@hubpages.com,86-(693)410-9550,8471.28
399,Jasmine,Normanell,jnormanellb2@google.de,62-(503)815-8266,6512.62
400,Base,Mildmott,bmildmottb3@123-reg.co.uk,504-(308)601-9267,2126.42
401,Bell,Stoak,bstoakb4@acquirethisname.com,48-(981)240-6866,4054.64
402,Jose,Windeatt,jwindeattb5@chicagotribune.com,503-(169)457-4890,7195.46
403,Ward,McNickle,wmcnickleb6@google.nl,95-(312)595-0844,6562.10
404,Ricki,Standbrooke,rstandbrookeb7@wix.com,98-(767)196-7919,4673.84
405,Nadiya,O'Cleary,noclearyb8@myspace.com,62-(716)474-3963,8671.25
406,Winnah,Valerio,wvaleriob9@networkadvertising.org,86-(391)247-9371,7772.27
407,Buiron,Geach,bgeachba@imageshack.us,86-(839)198-6804,9710.42
408,Westbrooke,Dumblton,wdumbltonbb@twitter.com,86-(356)426-2474,7597.86
409,Phillis,Panniers,ppanniersbc@constantcontact.com,420-(653)522-5135,4548.13
410,Kira,Lightfoot,klightfootbd@alibaba.com,261-(248)354-6999,2516.55
411,Melva,Waiton,mwaitonbe@senate.gov,62-(292)355-1037,8207.41
412,Hyacinthie,Bandy,hbandybf@lulu.com,86-(625)566-9767,3363.10
413,Ruddy,Howorth,rhoworthbg@un.org,98-(298)684-0165,9251.18
414,Lorianna,Howle,lhowlebh@archive.org,691-(170)411-0095,5081.61
415,Louella,Laidlow,llaidlowbi@ox.ac.uk,27-(979)606-6480,4740.18
416,Mikol,Spendlove,mspendlovebj@theglobeandmail.com,998-(429)495-4712,2500.90
417,Zelig,Wattinham,zwattinhambk@symantec.com,220-(145)154-1224,4099.66
418,Blane,Bartleman,bbartlemanbl@shareasale.com,62-(910)904-9412,8839.06
419,Otis,Markwick,omarkwickbm@java.com,63-(449)123-8120,5071.76
420,Alidia,Boykett,aboykettbn@163.com,48-(396)186-1346,2809.90
421,Tremaine,Avey,taveybo@delicious.com,62-(576)514-7823,8372.57
422,Ferrell,Schulze,fschulzebp@eventbrite.com,86-(548)260-6980,8031.78
423,Emmett,Yong,eyongbq@exblog.jp,46-(209)879-1089,2949.84
424,Sherill,Lambdon,slambdonbr@comsenz.com,63-(775)112-9634,7768.85
425,Kelci,Aylen,kaylenbs@arizona.edu,7-(700)787-6791,5089.13
426,Patrick,Laffan,plaffanbt@paginegialle.it,351-(197)879-5496,4864.60
427,Zia,Punchard,zpunchardbu@nymag.com,7-(629)549-9037,3399.54
428,Patsy,Rodolico,prodolicobv@infoseek.co.jp,381-(509)604-3511,9068.26
429,Mariette,Ramalho,mramalhobw@mac.com,1-(713)929-9022,6860.04
430,Gun,Gostridge,ggostridgebx@wordpress.org,48-(452)601-7091,8013.71
431,Herby,Shimoni,hshimoniby@godaddy.com,380-(473)184-6247,7763.60
432,Regan,Saggs,rsaggsbz@naver.com,1-(916)327-7432,8723.89
433,Sheilakathryn,Tume,stumec0@auda.org.au,598-(222)201-3544,2909.97
434,Mag,Jentzsch,mjentzschc1@indiatimes.com,86-(465)635-1986,8695.31
435,Prue,Scotchforth,pscotchforthc2@yahoo.com,386-(257)808-5266,2828.24
436,Purcell,Tweed,ptweedc3@ucsd.edu,261-(341)433-9484,8082.85
437,Jehanna,Benardette,jbenardettec4@ted.com,82-(301)123-9580,9264.83
438,Arlana,O'Day,aodayc5@csmonitor.com,86-(245)342-4142,3258.36
439,Sib,Gidney,sgidneyc6@pcworld.com,251-(659)274-5953,4665.02
440,Brena,Gason,bgasonc7@mashable.com,20-(355)282-1273,9062.85
441,Sherwood,Harses,sharsesc8@behance.net,46-(633)159-8555,2235.25
442,Aida,Merryweather,amerryweatherc9@scientificamerican.com,55-(509)490-9578,9670.92
443,Tamera,Stuart,tstuartca@people.com.cn,27-(330)610-0526,6599.19
444,Gill,Yearnsley,gyearnsleycb@newyorker.com,420-(818)803-6630,9445.08
445,Drusi,Alexsandrowicz,dalexsandrowiczcc@alexa.com,86-(177)155-4914,3947.76
446,Ulrick,Bernhardi,ubernhardicd@artisteer.com,93-(258)663-4856,5393.86
447,Jo-anne,Trehearne,jtrehearnece@issuu.com,86-(414)619-0768,5182.85
448,Nolie,Poge,npogecf@ow.ly,7-(129)643-8564,2871.99
449,Hamlen,Scotney,hscotneycg@printfriendly.com,86-(185)510-0088,3922.31
450,Adeline,Preshaw,apreshawch@cornell.edu,66-(594)539-3904,3414.04
451,Octavia,Norsister,onorsisterci@tamu.edu,972-(163)241-5321,7481.43
452,Terrie,Slaten,tslatencj@economist.com,374-(880)337-7179,9818.03
453,Dov,Klimov,dklimovck@google.co.uk,62-(163)535-5946,9437.38
454,Maximo,Fullegar,mfullegarcl@dion.ne.jp,86-(230)586-9909,2852.29
455,Davin,Cossons,dcossonscm@desdev.cn,7-(826)303-2559,4653.30
456,Astrid,Court,acourtcn@illinois.edu,46-(300)272-6397,3821.07
457,Sonni,Blasdale,sblasdaleco@google.co.jp,7-(698)393-2836,7012.79
458,Tiff,Peile,tpeilecp@ft.com,86-(961)147-9793,4744.45
459,Chelsie,Castane,ccastanecq@youtu.be,93-(266)996-6414,9530.20
460,Darb,Kilcoyne,dkilcoynecr@mtv.com,48-(159)553-4912,5123.45
461,Brooks,Waggitt,bwaggittcs@patch.com,86-(673)484-0130,2536.02
462,Evin,Wake,ewakect@auda.org.au,850-(513)221-5053,8322.78
463,Baxy,Assaf,bassafcu@unblog.fr,7-(986)261-6414,8585.84
464,Kienan,Legen,klegencv@google.ru,7-(735)288-0754,2671.03
465,Rayner,Shildrick,rshildrickcw@shareasale.com,63-(525)209-7446,3345.46
466,Monroe,Gurr,mgurrcx@fema.gov,54-(786)705-9022,5605.91
467,Roseanna,Jervis,rjerviscy@yandex.ru,62-(160)332-1492,6706.11
468,Nil,Moring,nmoringcz@npr.org,385-(764)109-3595,4301.86
469,Eunice,Rozea,erozead0@blogs.com,48-(490)719-8210,5806.55
470,Brice,Gewer,bgewerd1@sphinn.com,62-(802)230-2724,2995.38
471,Cyndi,Abthorpe,cabthorped2@hc360.com,358-(292)922-7733,3682.37
472,Kayle,Peele,kpeeled3@friendfeed.com,63-(755)836-8985,2324.46
473,Tarra,Hourihan,thourihand4@quantcast.com,86-(593)492-5866,2528.75
474,Jackqueline,Bodman,jbodmand5@businesswire.com,66-(370)537-6707,7797.45
475,Claribel,McMurthy,cmcmurthyd6@elpais.com,81-(321)786-7699,6030.37
476,Davin,Billington,dbillingtond7@patch.com,7-(186)129-1497,7069.59
477,Gustaf,Coneley,gconeleyd8@who.int,62-(507)466-7376,5026.17
478,Theresita,Guilford,tguilfordd9@mit.edu,86-(164)154-5499,6018.64
479,Seline,Geraudy,sgeraudyda@jiathis.com,994-(259)321-9266,8603.42
480,Yehudit,Laurant,ylaurantdb@i2i.jp,242-(995)888-7158,6502.04
481,Karoly,Mars,kmarsdc@mozilla.com,63-(445)526-1498,6160.13
482,Drusi,Rayson,draysondd@cisco.com,51-(521)403-1104,5383.51
483,Cilka,Ager,cagerde@whitehouse.gov,86-(117)859-2419,4801.02
484,Zea,McRory,zmcrorydf@bravesites.com,1-(713)795-8693,8982.25
485,Jeannine,Pifford,jpifforddg@simplemachines.org,62-(335)809-0411,6282.35
486,Zack,Marchetti,zmarchettidh@home.pl,49-(530)360-2811,3260.11
487,Milena,Hatter,mhatterdi@deliciousdays.com,7-(684)888-6397,2459.39
488,Alejandrina,Ghelardoni,aghelardonidj@usatoday.com,46-(179)231-6657,4610.48
489,Boone,Duester,bduesterdk@freewebs.com,63-(246)710-7876,4137.52
490,Angelo,Davidovsky,adavidovskydl@alexa.com,54-(502)945-9108,9314.91
491,Saw,Genever,sgeneverdm@mozilla.com,222-(947)107-0786,3019.02
492,Wallace,Kennaway,wkennawaydn@thetimes.co.uk,966-(233)123-2800,9809.75
493,Bria,Awde,bawdedo@reverbnation.com,62-(887)997-2056,5797.63
494,Thomas,Milius,tmiliusdp@flickr.com,502-(106)359-2534,3270.83
495,Carlo,Van den Bosch,cvandenboschdq@telegraph.co.uk,52-(102)108-5236,5007.50
496,Franz,Loosely,flooselydr@blogger.com,48-(455)966-4773,4084.52
497,Dolorita,McKinnon,dmckinnonds@flickr.com,420-(814)227-7173,3827.91
498,Jarrod,De Mitris,jdemitrisdt@npr.org,380-(853)598-5916,3145.99
"499,Derward,""Messier,"",dmessierdu@icio.us,216-(240)805-5218,7072.47"
500,Gaspar,Abbess,gabbessdv@bing.com,502-(535)847-6556,2768.67
501,Onfroi,Turford,oturforddw@skype.com,375-(323)952-7570,8640.90
502,Pauli,Norheny,pnorhenydx@netscape.com,963-(272)452-0312,7957.02
503,Allianora,Ripley,aripleydy@dyndns.org,7-(652)250-6087,8428.27
504,Matthiew,Branno,mbrannodz@imdb.com,63-(395)874-4268,2487.44
505,Rhetta,MacGrath,rmacgrathe0@uiuc.edu,380-(558)667-6318,6944.27
506,Blanca,Hastilow,bhastilowe1@wordpress.org,55-(919)128-3676,2518.86
507,Daryle,Rasch,drasche2@walmart.com,7-(188)989-3845,4799.26
508,Abbot,Cafferky,acafferkye3@angelfire.com,33-(194)948-7419,9736.01
509,Alexia,Ackers,aackerse4@bbc.co.uk,86-(478)534-5376,8296.65
510,Penny,Gather,pgathere5@sitemeter.com,994-(902)743-7969,4204.12
511,Sybil,Ellam,sellame6@imgur.com,86-(527)840-1823,9870.88
512,Abigail,Moodie,amoodiee7@woothemes.com,20-(610)380-2171,6261.93
513,Philly,Lindup,plindupe8@myspace.com,253-(359)581-6354,6254.20
514,Shell,Borer,sborere9@wikimedia.org,86-(642)404-4465,7289.07
515,Modesta,Sparey,mspareyea@foxnews.com,33-(539)786-9975,3605.95
516,Celie,Hymas,chymaseb@wikimedia.org,507-(519)657-5472,4900.98
517,Ginnie,Vakhrushev,gvakhrushevec@prweb.com,7-(988)488-6324,5127.68
518,Harrie,Udall,hudalled@noaa.gov,48-(768)413-8782,2866.32
519,Bethany,Clemenson,bclemensonee@netscape.com,55-(452)884-2447,5117.60
520,Gertrude,Dyett,gdyettef@guardian.co.uk,58-(237)434-6293,2085.69
521,Vinny,Varlow,vvarloweg@hao123.com,86-(389)302-3932,4010.67
522,Alisun,Somersett,asomersetteh@cdbaby.com,7-(917)804-9088,6848.11
523,Dominik,Ouldred,douldredei@vk.com,505-(509)508-3855,8731.86
524,Josepha,Flicker,jflickerej@hao123.com,963-(621)159-8727,3693.79
525,Emelyne,Trickey,etrickeyek@army.mil,504-(938)929-5628,6469.56
526,Clari,Elizabeth,celizabethel@shutterfly.com,62-(983)600-2640,8697.35
527,Arabele,Enocksson,aenockssonem@clickbank.net,972-(224)843-7921,8186.00
528,Wendy,Shorthill,wshorthillen@geocities.com,48-(190)658-0505,7760.28
529,Raymund,Biddwell,rbiddwelleo@ovh.net,33-(875)952-2531,2325.23
530,Massimiliano,Brookes,mbrookesep@ihg.com,86-(902)241-0493,4581.84
531,Bert,Richards,brichardseq@ebay.co.uk,1-(403)307-5174,3185.30
532,Fancie,Sauter,fsauterer@oakley.com,86-(814)239-5571,9153.23
533,Tressa,De Michetti,tdemichetties@cargocollective.com,63-(732)255-1472,6276.71
534,Ricca,Brogiotti,rbrogiottiet@behance.net,57-(473)936-9949,2338.02
535,Sharon,Bambrugh,sbambrugheu@zimbio.com,57-(728)430-0349,5551.92
536,Isadora,Tomasi,itomasiev@123-reg.co.uk,81-(459)505-1660,5596.88
537,Papagena,Valett,pvalettew@hao123.com,86-(894)482-3382,9558.37
538,Ferrel,Gerdts,fgerdtsex@bandcamp.com,1-(907)215-6091,8701.35
539,Tobiah,Compford,tcompfordey@wunderground.com,31-(364)498-5406,9609.53
540,Ronna,Egalton,regaltonez@dedecms.com,86-(224)324-2157,8141.83
541,Eleen,Loyd,eloydf0@ycombinator.com,389-(738)613-8067,4689.47
542,Debera,Dunhill,ddunhillf1@pen.io,86-(746)733-0645,9005.14
543,Ban,Grimsditch,bgrimsditchf2@unc.edu,353-(371)381-0924,9985.01
544,Shay,Goodhand,sgoodhandf3@macromedia.com,62-(494)377-7817,8100.86
545,Broddy,Gradon,bgradonf4@taobao.com,234-(544)538-6069,8877.97
546,Jessalin,McGifford,jmcgiffordf5@apple.com,46-(500)746-0768,9510.03
547,Erich,Rawlingson,erawlingsonf6@free.fr,385-(434)686-2036,7981.66
548,Almeta,Wohlers,awohlersf7@nifty.com,86-(312)910-0473,9206.24
549,Zebulen,Duffy,zduffyf8@salon.com,46-(581)997-2281,7814.37
550,Marylynne,Ankers,mankersf9@auda.org.au,64-(632)442-9215,6508.94
551,Clarey,Macellar,cmacellarfa@flavors.me,27-(747)574-7580,7831.99
552,Artur,Richmont,arichmontfb@ihg.com,7-(500)374-9863,5304.84
553,Shanon,Cafferky,scafferkyfc@mlb.com,86-(140)192-4551,2552.65
554,Zacherie,Mallen,zmallenfd@mail.ru,505-(871)174-8502,2005.44
555,Gabi,Wrigglesworth,gwrigglesworthfe@marriott.com,62-(842)997-9042,2930.82
556,Lorne,Paolinelli,lpaolinelliff@imdb.com,351-(542)653-2300,2593.77
557,Penny,Vanes,pvanesfg@bluehost.com,48-(290)135-5870,8495.16
558,Saree,Weafer,sweaferfh@themeforest.net,234-(950)881-4894,6779.88
559,Percival,Skene,pskenefi@loc.gov,86-(154)105-1784,6923.65
560,Fowler,Emanuelov,femanuelovfj@guardian.co.uk,46-(211)660-6049,4209.02
561,Tades,Vasilenko,tvasilenkofk@reverbnation.com,7-(439)213-5046,9898.28
562,Shelby,Luberti,slubertifl@51.la,351-(170)128-5825,8459.90
563,Dalli,Wehnerr,dwehnerrfm@zimbio.com,237-(561)655-9966,2136.95
564,Sofia,Ambrosch,sambroschfn@abc.net.au,62-(991)119-1324,7033.98
565,Elnar,Kilmartin,ekilmartinfo@forbes.com,86-(967)983-8051,5748.63
566,Stinky,Kadar,skadarfp@dropbox.com,33-(495)274-5478,9972.47
567,Munroe,Fernez,mfernezfq@china.com.cn,51-(439)312-6396,5882.87
568,Lib,Carress,lcarressfr@spotify.com,86-(159)758-5368,6035.75
569,Konstance,Lambertazzi,klambertazzifs@techcrunch.com,86-(748)317-5054,4652.71
570,Solomon,Hollow,shollowft@comcast.net,351-(182)114-1380,9425.57
571,Allyn,Raffeorty,araffeortyfu@hibu.com,62-(881)716-0027,7605.86
572,Magdalene,Christofor,mchristoforfv@xrea.com,86-(444)576-6107,7773.64
573,Karel,Phizacklea,kphizackleafw@sbwire.com,7-(484)194-0280,7958.60
574,Thaddeus,Wolters,twoltersfx@cdbaby.com,84-(208)246-8703,6988.83
575,Phylys,Lyenyng,plyenyngfy@fc2.com,27-(119)114-3151,9407.86
576,Irv,Marten,imartenfz@cafepress.com,66-(344)363-9234,6058.42
577,Jan,Gluyas,jgluyasg0@jiathis.com,381-(590)432-9341,7286.23
578,Caressa,Crayton,ccraytong1@plala.or.jp,389-(163)575-2462,4902.53
579,Anstice,Stitt,astittg2@icq.com,92-(323)765-0269,3235.60
580,Alicea,Itzcovichch,aitzcovichchg3@chicagotribune.com,62-(519)760-2012,2130.32
581,Chelsey,Shakshaft,cshakshaftg4@hubpages.com,359-(923)113-5661,6186.28
582,Othello,Clawsley,oclawsleyg5@opera.com,351-(656)307-8753,5541.73
583,Megan,Bernardy,mbernardyg6@shareasale.com,84-(841)567-9816,8678.20
584,Kimball,Saiger,ksaigerg7@booking.com,63-(163)642-3873,8945.80
585,Aretha,Skelhorn,askelhorng8@dailymotion.com,33-(254)551-3374,5852.74
586,Aksel,Gentiry,agentiryg9@gravatar.com,86-(201)544-3367,4063.81
587,Nissa,McKague,nmckaguega@oaic.gov.au,62-(989)912-2383,7181.30
588,Jory,Ousley,jousleygb@cbslocal.com,54-(408)210-1363,4719.08
589,Marius,Tripett,mtripettgc@bloglovin.com,86-(529)967-9481,5535.90
590,Stephanie,Bettinson,sbettinsongd@acquirethisname.com,996-(372)693-9813,8127.52
591,Chiarra,Zappel,czappelge@usatoday.com,591-(378)161-6499,8738.11
592,Knox,Cheal,kchealgf@ucoz.ru,963-(796)729-6234,6452.29
593,Car,Haulkham,chaulkhamgg@theatlantic.com,385-(745)413-0743,4473.39
594,Sancho,Bingley,sbingleygh@google.nl,504-(905)503-3860,9363.39
595,Parrnell,Pinckstone,ppinckstonegi@prweb.com,55-(201)467-1384,5378.98
596,Jo-ann,De la Perrelle,jdelaperrellegj@google.nl,62-(760)748-0696,5634.04
597,Burt,Ridler,bridlergk@rediff.com,86-(620)791-1481,5775.84
598,Zora,Rosita,zrositagl@creativecommons.org,81-(997)187-5960,3879.53
599,Marc,Lilbourne,mlilbournegm@google.com,63-(646)385-8236,8333.15
600,Ingmar,Carnilian,icarniliangn@wsj.com,966-(102)542-5533,8452.04
601,Vernen,Cardenas,vcardenasgo@surveymonkey.com,224-(512)941-3871,4793.88
602,Erasmus,MacGaughey,emacgaugheygp@webs.com,62-(340)124-6941,6284.80
603,Stephen,Colgan,scolgangq@skyrock.com,269-(934)657-9150,4108.00
604,Elise,Francklyn,efrancklyngr@mozilla.org,62-(829)971-1121,2464.78
605,Horatius,Horribine,hhorribinegs@technorati.com,66-(531)998-8274,9555.73
606,Adrianne,Siemons,asiemonsgt@chronoengine.com,62-(728)420-7855,5818.64
607,Ariadne,Beckey,abeckeygu@simplemachines.org,7-(337)743-9763,8306.08
608,Gabriellia,Pikhno,gpikhnogv@mysql.com,44-(134)476-6868,4292.64
609,Kincaid,Claypole,kclaypolegw@ehow.com,381-(683)793-4090,3660.24
610,Ardyth,Bellwood,abellwoodgx@1688.com,86-(853)952-5752,7697.95
611,Maxie,O'Corhane,mocorhanegy@jigsy.com,48-(422)389-2190,5182.43
612,Fawne,Geroldi,fgeroldigz@msn.com,62-(961)956-4114,7492.44
613,Mata,Cottom,mcottomh0@hatena.ne.jp,355-(651)370-7252,8456.13
614,Bay,Pordal,bpordalh1@canalblog.com,46-(299)981-7310,4313.76
615,Alisun,Cubuzzi,acubuzzih2@1688.com,351-(495)545-7251,5165.32
616,Wandis,Ruckhard,wruckhardh3@abc.net.au,58-(430)939-7882,3772.39
617,Christos,Wadeson,cwadesonh4@mail.ru,86-(255)643-6684,9517.07
618,Blaire,MacDunlevy,bmacdunlevyh5@desdev.cn,62-(582)888-0645,3934.18
619,Gwyneth,Espinola,gespinolah6@bigcartel.com,7-(584)289-2559,8607.15
620,Chad,Fawcett,cfawcetth7@nature.com,381-(241)796-8807,7699.95
621,Rik,Goldsmith,rgoldsmithh8@wisc.edu,81-(265)448-9599,4083.81
622,Dominga,Tripean,dtripeanh9@zdnet.com,48-(142)978-5084,5251.40
623,Maynard,Winchurst,mwinchurstha@bloglines.com,81-(656)750-9803,3049.68
624,Wylie,Isson,wissonhb@tmall.com,86-(959)707-3135,8127.14
625,Ealasaid,Bravington,ebravingtonhc@cloudflare.com,223-(502)219-7760,8228.14
626,Annabell,Stendell,astendellhd@huffingtonpost.com,48-(847)386-8315,3906.25
627,Dun,Stripling,dstriplinghe@surveymonkey.com,57-(729)929-7219,9261.55
628,Teador,Weir,tweirhf@istockphoto.com,374-(910)151-7145,7551.72
629,Dilly,Domingues,ddomingueshg@google.es,86-(971)767-5983,8729.79
630,Raymond,Fruchon,rfruchonhh@pinterest.com,66-(912)347-5054,3517.09
631,Marya,Pickersail,mpickersailhi@skyrock.com,86-(540)959-6209,2692.31
632,Lorain,Howchin,lhowchinhj@360.cn,976-(827)755-3893,5859.47
633,Jerri,Vincent,jvincenthk@accuweather.com,86-(172)110-5977,5165.60
634,Lezlie,Cornelissen,lcornelissenhl@1688.com,62-(902)916-0420,8652.87
635,Genny,Anthony,ganthonyhm@usnews.com,86-(293)401-3177,9398.95
636,Ardelle,Weldrake,aweldrakehn@cam.ac.uk,880-(436)258-8968,5449.58
637,Melissa,Okey,mokeyho@chicagotribune.com,1-(192)289-3993,3465.60
638,Aline,Gavrielli,agavriellihp@irs.gov,374-(424)289-0687,6920.26
639,Mirna,Surmeir,msurmeirhq@wix.com,381-(733)402-1739,5062.20
640,Sophie,Emmot,semmothr@canalblog.com,84-(742)920-4107,8122.90
641,Blakeley,Haistwell,bhaistwellhs@abc.net.au,998-(748)386-9576,9526.89
642,Blake,Sainte Paul,bsaintepaulht@freewebs.com,7-(283)641-0862,5102.89
643,Emelia,Winstone,ewinstonehu@people.com.cn,86-(539)266-3333,3373.97
644,Wynnie,Carlos,wcarloshv@hatena.ne.jp,216-(994)431-9709,9636.38
645,Karen,Gibby,kgibbyhw@ucoz.ru,55-(251)638-5407,6424.23
646,Jewelle,Moar,jmoarhx@earthlink.net,81-(977)540-2399,3004.26
647,Druci,Trice,dtricehy@bluehost.com,20-(847)658-5036,5311.41
648,Anissa,Redsell,aredsellhz@dailymail.co.uk,55-(768)655-9267,6220.93
649,Adrian,Rogerson,arogersoni0@quantcast.com,7-(637)759-2088,9228.53
650,Kristoforo,Dobrovolny,kdobrovolnyi1@shinystat.com,62-(546)662-7332,8819.85
651,Tiffani,Featherbie,tfeatherbiei2@uol.com.br,20-(577)987-1473,5005.64
652,Valenka,Orrell,vorrelli3@symantec.com,1-(239)389-3512,4586.61
653,Sherman,Flory,sfloryi4@state.gov,381-(800)199-7406,8289.91
654,Keely,Hanburry,khanburryi5@bandcamp.com,234-(819)987-2602,2034.89
655,Talya,Sussex,tsussexi6@behance.net,86-(859)277-8176,4981.78
656,Hillier,Ciccottini,hciccottinii7@jugem.jp,30-(692)983-1305,5595.94
657,Jeremias,Kippin,jkippini8@cpanel.net,63-(359)435-1284,3571.89
658,Grove,Gaddesby,ggaddesbyi9@pbs.org,63-(724)328-1004,8422.67
659,Allix,Oakenfall,aoakenfallia@amazon.com,86-(819)220-1817,4815.78
660,Armando,Craigheid,acraigheidib@craigslist.org,856-(703)111-2064,9908.51
661,Wang,Hardiker,whardikeric@1und1.de,509-(979)853-5474,4693.26
662,Norman,MacGaffey,nmacgaffeyid@mtv.com,86-(986)815-2249,9822.93
663,Cece,Baigrie,cbaigrieie@salon.com,81-(592)511-0454,9330.12
664,Logan,Levee,lleveeif@domainmarket.com,86-(833)590-2448,9221.29
665,Barbi,Virgo,bvirgoig@spotify.com,63-(958)483-6204,9300.87
666,Lena,Lawrinson,llawrinsonih@histats.com,86-(189)803-8508,4159.10
667,Puff,McClory,pmccloryii@google.fr,55-(409)162-5866,9211.71
668,Hedy,Biddleston,hbiddlestonij@google.ca,1-(682)185-3317,7586.46
669,Mignonne,Ackerman,mackermanik@unc.edu,86-(374)999-1695,7017.63
670,Lindsy,Duffield,lduffieldil@edublogs.org,7-(629)163-5540,7578.16
671,Vivie,Bridywater,vbridywaterim@fema.gov,62-(295)764-1237,3916.63
672,Norrie,Elliker,nellikerin@hostgator.com,996-(576)127-6745,4390.47
673,Kassie,Whereat,kwhereatio@ehow.com,54-(434)396-3553,9886.85
674,Stanford,Derl,sderlip@de.vu,36-(859)480-8995,8784.69
675,Lombard,Woltman,lwoltmaniq@ebay.co.uk,81-(585)837-4534,3973.65
676,Mollie,Grundey,mgrundeyir@unblog.fr,48-(841)944-6063,8098.37
677,Fayette,Iorns,fiornsis@tuttocitta.it,63-(970)559-7962,6027.67
678,Glenda,Arkell,garkellit@delicious.com,62-(459)245-3898,4152.53
679,Samara,Tysall,stysalliu@cnet.com,62-(883)129-6837,7575.77
680,Candra,Norville,cnorvilleiv@youtu.be,55-(455)439-1070,3622.38
681,Mariam,Croyser,mcroyseriw@fotki.com,63-(284)684-0442,6967.52
682,Cullie,Roads,croadsix@diigo.com,48-(832)555-6615,5839.48
683,Michel,Stonehouse,mstonehouseiy@google.cn,234-(982)210-9311,2646.55
684,Yvette,Macer,ymaceriz@addthis.com,33-(979)178-0249,9007.43
685,Bogart,Theyer,btheyerj0@foxnews.com,86-(513)754-9933,5559.70
686,Cherri,Durn,cdurnj1@yahoo.co.jp,62-(403)791-3026,4597.67
687,Kiel,Hatchette,khatchettej2@blinklist.com,1-(360)876-6369,5017.31
688,Tadeas,Aynscombe,taynscombej3@reference.com,351-(567)420-7756,5859.05
689,Somerset,Mountstephen,smountstephenj4@tumblr.com,62-(319)258-5030,7443.01
690,Chryste,Randle,crandlej5@intel.com,86-(350)870-8412,6456.14
691,Kikelia,Esp,kespj6@dmoz.org,51-(210)375-1306,2803.35
692,Rabbi,Gatward,rgatwardj7@aol.com,7-(402)270-0622,7368.74
693,Eugenio,McQuie,emcquiej8@ca.gov,63-(364)961-9072,2196.27
694,Mohammed,Dainton,mdaintonj9@dot.gov,66-(749)575-7573,6286.76
695,Cullan,Manilow,cmanilowja@shareasale.com,86-(397)730-7996,5406.03
696,Helli,Mc Kellen,hmckellenjb@yellowbook.com,63-(868)379-9113,5604.87
697,Marilin,Schops,mschopsjc@jalbum.net,63-(435)809-7423,4977.42
698,Nicholle,Clapham,nclaphamjd@bbb.org,48-(567)894-2555,7291.55
699,Bertina,Jarred,bjarredje@opensource.org,229-(516)942-9072,8149.96
700,Nobie,Drewitt,ndrewittjf@answers.com,7-(517)236-1231,4639.83
701,Griff,Ludlom,gludlomjg@webnode.com,86-(845)355-9823,2102.11
702,Jaine,Boriston,jboristonjh@sakura.ne.jp,86-(688)362-9016,8364.67
703,Tybalt,Tabbernor,ttabbernorji@psu.edu,62-(378)913-9590,5119.40
704,Sarena,Shilladay,sshilladayjj@shinystat.com,48-(428)352-0185,7426.43
705,Alf,Flowerden,aflowerdenjk@yahoo.com,81-(972)348-0233,5562.01
706,Cordie,Melanaphy,cmelanaphyjl@wiley.com,62-(309)414-7151,3899.80
707,Dusty,Dounbare,ddounbarejm@merriam-webster.com,82-(857)306-4544,6819.75
708,Danna,Izkoveski,dizkoveskijn@wikipedia.org,48-(835)223-9300,3906.39
709,Mair,Rummer,mrummerjo@theatlantic.com,372-(989)855-2051,9182.51
710,Bobbie,Rowland,browlandjp@github.com,62-(673)280-2137,2692.52
711,Camila,Klinck,cklinckjq@facebook.com,82-(217)358-2598,7466.39
712,Martynne,Bickley,mbickleyjr@so-net.ne.jp,7-(225)765-7274,2963.85
713,Alexandr,Breckenridge,abreckenridgejs@java.com,63-(664)181-2947,4813.32
714,Cory,Tilbey,ctilbeyjt@bigcartel.com,224-(772)111-8920,6019.72
715,Gabrila,Balcers,gbalcersju@guardian.co.uk,63-(499)560-2762,3162.04
716,Lezley,Grenkov,lgrenkovjv@moonfruit.com,994-(843)691-3349,5379.64
717,Dana,Worrill,dworrilljw@foxnews.com,62-(753)370-7021,3238.01
718,Elsinore,Crips,ecripsjx@wordpress.com,995-(431)667-5119,5966.20
719,Bearnard,Withey,bwitheyjy@cnet.com,63-(545)963-9712,8358.92
720,Tome,Gibling,tgiblingjz@sohu.com,60-(338)852-6881,5342.92
721,Chaunce,Petheridge,cpetheridgek0@tinypic.com,358-(983)731-8383,2011.63
722,Dallis,Tomsu,dtomsuk1@tinyurl.com,48-(330)913-1457,8823.48
723,Gabbi,Sloegrave,gsloegravek2@hubpages.com,51-(352)505-2410,9282.65
724,Cilka,Giannoni,cgiannonik3@indiegogo.com,381-(421)748-9104,6340.40
725,Sidonnie,Pioli,spiolik4@sitemeter.com,86-(257)530-3249,9267.28
726,Trix,Rowcliffe,trowcliffek5@tuttocitta.it,968-(982)416-4763,4408.02
727,Kendell,Christofor,kchristofork6@ucla.edu,86-(774)144-4236,8625.99
728,Emilie,Flowitt,eflowittk7@hibu.com,380-(312)131-0507,3286.10
729,Marigold,Gimbrett,mgimbrettk8@cnbc.com,46-(485)907-9852,4458.21
730,Dave,Smallshaw,dsmallshawk9@netvibes.com,1-(205)610-3977,2374.35
731,Martina,Summerill,msummerillka@altervista.org,63-(328)155-7319,9581.66
732,Thalia,Cooch,tcoochkb@chron.com,420-(281)416-7815,7432.30
733,Remington,Cicerone,rciceronekc@reverbnation.com,86-(816)650-3288,5906.10
734,Marcia,Roycraft,mroycraftkd@guardian.co.uk,356-(696)126-0174,7493.40
735,Neda,Liepina,nliepinake@miitbeian.gov.cn,63-(456)822-9169,4979.23
736,Westbrooke,Venes,wveneskf@walmart.com,94-(429)898-7247,7020.80
737,Danette,Trenholme,dtrenholmekg@cbc.ca,86-(811)398-6058,5440.12
738,Clemmie,Mynott,cmynottkh@fda.gov,63-(740)507-6157,5620.70
739,Antoni,Loughan,aloughanki@marketwatch.com,33-(987)229-9061,2629.72
740,Cristionna,Benny,cbennykj@skype.com,7-(935)853-6544,6957.43
741,Fredelia,Harold,fharoldkk@house.gov,62-(582)317-4360,9732.11
742,Major,Somes,msomeskl@netvibes.com,970-(940)197-3602,7402.58
743,Ruthanne,Rumsey,rrumseykm@tumblr.com,62-(875)262-4742,4968.18
744,Dominga,Alebrooke,dalebrookekn@nytimes.com,55-(724)352-0358,5125.56
745,Kevin,Vlach,kvlachko@a8.net,86-(897)833-4652,4325.62
746,Dyann,Jago,djagokp@spotify.com,46-(850)213-2389,4663.98
747,Kenna,Ree,kreekq@altervista.org,7-(111)286-1867,5034.84
748,Zeke,Cowles,zcowleskr@bigcartel.com,62-(872)292-1155,4496.62
749,Felicia,Lewin,flewinks@acquirethisname.com,33-(247)239-6152,7833.08
750,Malcolm,Lewzey,mlewzeykt@godaddy.com,386-(811)244-8055,4787.37
751,Fernando,Noquet,fnoquetku@accuweather.com,7-(484)983-7313,4790.29
752,Lionel,McRamsey,lmcramseykv@npr.org,86-(383)618-6394,3569.16
753,Drusilla,Dalyiel,ddalyielkw@bbb.org,358-(239)346-7447,3208.99
754,Minna,Ashplant,mashplantkx@elpais.com,86-(870)268-2867,8395.25
755,Germaine,Domino,gdominoky@ucoz.ru,92-(223)511-5983,5740.33
756,Calhoun,Roseburgh,croseburghkz@wikipedia.org,251-(991)973-3771,3408.69
757,Rosaline,Cornford,rcornfordl0@networkadvertising.org,32-(961)476-6005,6782.36
758,Mortimer,Paolozzi,mpaolozzil1@wsj.com,62-(994)878-3867,7042.30
759,Kiele,McCarle,kmccarlel2@arstechnica.com,86-(919)562-6172,5614.84
760,Carlyle,Birdwistle,cbirdwistlel3@artisteer.com,976-(592)694-0085,4320.39
761,Shara,Fishbie,sfishbiel4@blogtalkradio.com,62-(389)205-7417,5245.12
762,Gino,Busk,gbuskl5@whitehouse.gov,7-(625)992-6388,4732.33
763,Heath,Nevins,hnevinsl6@discuz.net,48-(191)606-7082,9083.89
764,Winonah,Barnett,wbarnettl7@quantcast.com,86-(756)659-1209,6181.68
765,Norrie,Shelbourne,nshelbournel8@telegraph.co.uk,34-(120)853-9284,5171.63
766,Val,Mc Ilwrick,vmcilwrickl9@nydailynews.com,1-(304)681-8736,4786.89
767,Aube,Prosser,aprosserla@yahoo.com,220-(365)387-2374,4250.28
768,Karie,Clackers,kclackerslb@wsj.com,86-(900)102-9375,5210.38
769,Kerstin,Wehner,kwehnerlc@google.fr,7-(547)404-5231,9638.40
770,Mar,Shale,mshaleld@mozilla.org,420-(704)838-6287,5737.76
771,Decca,Mongin,dmonginle@dailymail.co.uk,84-(175)189-2521,9849.42
772,Ric,Champness,rchampnesslf@cloudflare.com,93-(933)988-5834,5802.13
773,Karlis,Lepper,klepperlg@zdnet.com,380-(630)586-2014,4816.77
774,Marie,Meco,mmecolh@opensource.org,380-(266)226-7950,7800.63
775,Morris,Camili,mcamilili@kickstarter.com,352-(119)801-9921,4068.63
776,Tommy,Callicott,tcallicottlj@tinypic.com,86-(642)580-5440,5396.43
777,Alexandro,Walcot,awalcotlk@homestead.com,66-(294)966-5459,5515.59
778,Stillman,Foye,sfoyell@unc.edu,86-(939)754-0138,3145.88
779,Meggy,Duckels,mduckelslm@phoca.cz,977-(157)589-2572,2622.06
780,Creighton,Etches,cetchesln@eepurl.com,86-(856)264-8829,2614.10
781,Traci,Langthorn,tlangthornlo@dailymotion.com,30-(176)668-8833,6260.54
782,Lane,Mishaw,lmishawlp@hud.gov,351-(519)708-8526,3135.74
783,Kiah,Creedland,kcreedlandlq@dyndns.org,62-(570)751-4375,3898.81
784,Edee,Brunnstein,ebrunnsteinlr@baidu.com,1-(544)225-4721,3031.45
785,Meyer,Pappi,mpappils@merriam-webster.com,230-(707)258-2089,6967.54
786,Babb,Bouch,bbouchlt@alexa.com,234-(882)743-7267,5971.92
787,Annora,Betterton,abettertonlu@redcross.org,86-(790)179-8107,9028.85
788,Terry,MacAvddy,tmacavddylv@statcounter.com,970-(615)437-3036,6217.72
789,Dalt,Ruperti,drupertilw@ezinearticles.com,251-(539)139-0942,7388.48
790,Wilton,McLagain,wmclagainlx@163.com,86-(684)219-0491,7110.38
791,Emelia,Isaksson,eisakssonly@twitpic.com,351-(527)664-6985,6725.89
792,Berne,Mansion,bmansionlz@yolasite.com,251-(118)154-3762,3883.31
793,Ashbey,Itzkowicz,aitzkowiczm0@livejournal.com,7-(683)495-2859,6617.72
794,Cesare,Pottery,cpotterym1@t-online.de,62-(173)970-5886,6196.12
795,Mikaela,Sawter,msawterm2@flickr.com,7-(315)671-8516,9973.00
796,Cchaddie,Cancutt,ccancuttm3@earthlink.net,30-(730)453-6548,8829.54
797,Alfi,Sponder,asponderm4@livejournal.com,86-(998)186-5148,6486.68
798,Kalli,Spores,ksporesm5@java.com,86-(566)245-3937,2505.22
799,Bearnard,Tranmer,btranmerm6@bizjournals.com,98-(121)319-1947,8889.04
800,Shermy,Lennie,slenniem7@diigo.com,27-(928)522-0251,8685.28
801,Corella,Stubley,cstubleym8@bloomberg.com,33-(423)940-3723,7121.60
802,Maryanna,Freund,mfreundm9@hud.gov,86-(610)382-0152,3880.93
803,Luther,Hurich,lhurichma@people.com.cn,86-(410)461-1348,5443.37
804,Keriann,Chippindale,kchippindalemb@geocities.jp,963-(227)435-3367,4870.48
805,Reine,Joiris,rjoirismc@ft.com,62-(673)927-1522,3593.13
806,Philomena,Licciardiello,plicciardiellomd@storify.com,234-(862)532-0279,2482.81
807,Curtis,Noury,cnouryme@sfgate.com,57-(588)955-0384,9745.96
808,Kent,Matsell,kmatsellmf@ucla.edu,1-(913)553-3929,6583.25
809,Lily,Zaniolini,lzaniolinimg@dailymail.co.uk,1-(248)852-6039,2023.59
810,Brock,Skea,bskeamh@dropbox.com,33-(374)706-6269,2119.17
811,Gilly,Ceschi,gceschimi@tinyurl.com,380-(170)801-4717,3492.83
812,Cecilia,Cuseck,ccuseckmj@mediafire.com,86-(798)863-6805,5706.32
813,Nanice,Griffe,ngriffemk@timesonline.co.uk,386-(590)736-4783,3455.78
814,Marina,McGawn,mmcgawnml@nasa.gov,33-(981)255-4687,4877.18
815,Daryle,MacGiffin,dmacgiffinmm@dmoz.org,86-(549)146-1655,8023.24
816,Emyle,Bartholin,ebartholinmn@independent.co.uk,227-(846)889-2563,3156.95
817,Carmon,Seery,cseerymo@creativecommons.org,351-(852)908-7380,5995.13
818,Herschel,Bossingham,hbossinghammp@umich.edu,86-(641)347-4338,5532.11
819,Herminia,Pieter,hpietermq@desdev.cn,7-(225)518-8896,9162.38
820,Alan,Yakobowitz,ayakobowitzmr@quantcast.com,968-(362)671-5939,8529.98
821,Ronnie,Gossipin,rgossipinms@smh.com.au,7-(723)569-3126,7957.99
822,Clarine,Mattisssen,cmattisssenmt@statcounter.com,86-(142)132-6913,2101.01
823,Russ,Arbon,rarbonmu@imgur.com,420-(468)767-1229,5921.55
824,Kacie,Abrahamson,kabrahamsonmv@quantcast.com,82-(685)480-2147,2892.98
825,Dunc,Grafton-Herbert,dgraftonherbertmw@drupal.org,86-(290)838-3081,7045.85
826,Milzie,Goozee,mgoozeemx@topsy.com,7-(608)166-1049,7187.99
827,Darya,Fearne,dfearnemy@bravesites.com,86-(665)506-1602,6309.49
828,Bab,Hambrook,bhambrookmz@amazon.de,54-(204)594-1871,6187.05
829,Aldridge,Stedall,astedalln0@princeton.edu,86-(248)185-8952,2067.42
830,Constance,McCurley,cmccurleyn1@youku.com,53-(493)401-2311,2921.70
831,Joannes,Adamthwaite,jadamthwaiten2@epa.gov,237-(943)411-3463,6576.20
832,Lauri,Konke,lkonken3@spiegel.de,86-(672)611-9058,2828.20
833,Delmer,Provis,dprovisn4@blogs.com,86-(782)589-4277,7216.27
834,Karim,Alben,kalbenn5@unc.edu,86-(908)811-0304,9969.51
835,Denni,Pullinger,dpullingern6@domainmarket.com,383-(690)503-1214,6903.07
836,Otis,Wrixon,owrixonn7@oaic.gov.au,62-(796)822-6865,8971.99
837,Sileas,Yegorchenkov,syegorchenkovn8@simplemachines.org,380-(862)573-9572,3090.79
838,Xerxes,Ende,xenden9@berkeley.edu,33-(818)420-1993,6282.47
839,Pippy,Simonou,psimonouna@sfgate.com,375-(235)774-2679,7470.71
840,Merle,Gipp,mgippnb@topsy.com,351-(269)519-7991,6910.81
841,Lind,Gronno,lgronnonc@marriott.com,63-(760)728-9350,3649.59
842,Carlie,Chaundy,cchaundynd@taobao.com,351-(856)103-3981,8046.93
843,Chase,Digweed,cdigweedne@blogger.com,86-(229)388-2787,9024.32
844,Stavros,Ellson,sellsonnf@altervista.org,371-(525)969-3495,2145.67
845,Tris,Poulsom,tpoulsomng@utexas.edu,970-(700)406-5441,9633.93
846,Joana,Slamaker,jslamakernh@eepurl.com,1-(575)808-3330,3129.01
847,Jenda,Potteridge,jpotteridgeni@toplist.cz,57-(116)994-9159,3662.27
848,Gertrude,Peachman,gpeachmannj@t.co,33-(638)131-6941,7872.22
849,Fredek,Furlong,ffurlongnk@bbc.co.uk,86-(349)771-3382,5286.54
850,Keeley,Figgures,kfigguresnl@google.com.au,351-(460)587-9494,3491.00
851,Cammy,Besson,cbessonnm@hhs.gov,380-(530)917-0342,2067.02
852,Helenelizabeth,Cottingham,hcottinghamnn@webeden.co.uk,7-(969)331-1393,5690.57
853,Mordy,Coales,mcoalesno@printfriendly.com,55-(344)340-3625,3108.04
854,Tabby,Limer,tlimernp@noaa.gov,63-(958)414-9239,7354.61
855,Arv,Sandels,asandelsnq@infoseek.co.jp,1-(976)588-0070,3893.85
856,Artemus,Driffield,adriffieldnr@nationalgeographic.com,251-(437)166-1446,3413.06
857,Giulio,Wildt,gwildtns@reuters.com,93-(765)412-6755,2900.02
858,Nanon,Moorton,nmoortonnt@mlb.com,86-(748)171-2779,6863.05
859,Tabbie,Whitnall,twhitnallnu@sbwire.com,223-(390)192-0648,7652.97
860,Alejandra,Studdeard,astuddeardnv@elpais.com,7-(290)951-7684,4218.39
861,Marilin,Josefs,mjosefsnw@xinhuanet.com,380-(161)597-6701,5763.06
862,Reta,Eynon,reynonnx@mozilla.com,86-(737)923-2587,4000.62
863,Inigo,Dyhouse,idyhouseny@google.pl,62-(292)796-9235,6668.42
864,Desiree,Felgate,dfelgatenz@msu.edu,46-(367)564-7764,5345.34
865,Merla,Linbohm,mlinbohmo0@accuweather.com,234-(358)656-5578,9784.06
866,Orrin,Comberbeach,ocomberbeacho1@msu.edu,502-(752)681-0125,7942.99
867,Piggy,Paolotto,ppaolottoo2@nymag.com,1-(219)612-6189,3900.04
868,Davy,Wonter,dwontero3@zdnet.com,220-(398)522-3005,3922.76
869,Brand,Eschelle,beschelleo4@baidu.com,994-(756)989-7952,8747.43
870,Paulie,Corstan,pcorstano5@sbwire.com,86-(504)276-7582,6187.49
871,Renee,Bridle,rbridleo6@google.com.hk,63-(241)416-9933,3308.04
872,Mada,Hunnawill,mhunnawillo7@paginegialle.it,593-(814)508-0392,4539.11
873,Milton,Beville,mbevilleo8@xrea.com,420-(463)268-8703,4582.61
874,Sherrie,Elsie,selsieo9@plala.or.jp,590-(778)111-2770,4842.40
875,Nobie,Hoodless,nhoodlessoa@canalblog.com,81-(159)191-9006,2171.33
876,Mariya,Nelthrop,mnelthropob@sciencedirect.com,86-(503)970-0630,6803.38
877,Riley,Frayling,rfraylingoc@tumblr.com,33-(132)908-4859,6411.68
878,Sansone,Verchambre,sverchambreod@java.com,62-(933)946-9779,9342.85
879,Stephi,Abrahamsen,sabrahamsenoe@diigo.com,228-(745)568-8233,3004.44
880,Elisha,Loukes,eloukesof@nasa.gov,7-(102)985-6566,7210.24
881,Ethelred,Humber,ehumberog@rediff.com,265-(900)186-4444,7114.64
882,Abel,Ashwood,aashwoodoh@cnbc.com,86-(788)235-7036,3252.29
883,Bobbi,Gircke,bgirckeoi@google.pl,54-(920)899-9869,4966.81
884,Andros,Neubigin,aneubiginoj@barnesandnoble.com,7-(193)884-5964,2164.42
885,Davidson,Clausson,dclaussonok@weibo.com,62-(608)293-7454,6369.41
886,Chucho,Billiard,cbilliardol@wordpress.com,258-(847)233-9091,7781.17
887,Abran,Boothby,aboothbyom@oaic.gov.au,387-(916)768-6533,4301.59
888,Riley,Cable,rcableon@delicious.com,57-(280)560-1562,5540.84
889,Laurella,Clappson,lclappsonoo@princeton.edu,1-(801)662-2191,7269.77
890,Fan,Kreuzer,fkreuzerop@baidu.com,385-(229)386-1355,8175.59
891,Anabel,Rust,arustoq@geocities.jp,86-(641)862-2132,7820.26
892,Donella,Sale,dsaleor@chronoengine.com,46-(361)831-8689,7011.97
893,Colas,Monaghan,cmonaghanos@engadget.com,48-(215)852-9382,2773.41
894,Shandy,Rops,sropsot@irs.gov,62-(516)179-4695,6536.09
895,Delores,Guinnane,dguinnaneou@list-manage.com,86-(131)827-6745,3338.04
896,Reina,Auld,rauldov@washington.edu,86-(978)358-2792,7769.31
897,Pollyanna,Palffrey,ppalffreyow@dropbox.com,86-(678)351-6802,9940.74
898,Edee,Yarnall,eyarnallox@so-net.ne.jp,359-(596)150-2340,3315.56
899,Shamus,Boch,sbochoy@google.nl,86-(568)107-4122,7341.96
900,Zelma,Gravenor,zgravenoroz@odnoklassniki.ru,7-(412)592-8377,5943.46
901,Welsh,Doreward,wdorewardp0@ask.com,86-(560)598-5608,8131.33
902,Eadith,Rubinovitch,erubinovitchp1@army.mil,86-(931)947-2238,5602.43
903,Jamaal,Lambe,jlambep2@fastcompany.com,62-(146)529-0756,7499.96
904,Neill,Stritton,nstrittonp3@opera.com,86-(821)674-3973,7397.50
905,Wayland,Wilshin,wwilshinp4@yahoo.co.jp,7-(422)704-8452,7462.66
906,Gray,Putley,gputleyp5@redcross.org,86-(300)772-5739,3427.09
907,Berenice,Chappelle,bchappellep6@weibo.com,351-(520)303-9474,9253.90
908,Esme,Digweed,edigweedp7@purevolume.com,86-(769)624-2223,6227.58
909,Garrek,De Anesy,gdeanesyp8@dyndns.org,502-(609)760-5895,3730.26
910,Maggy,Hellicar,mhellicarp9@webs.com,850-(347)282-2058,8662.10
911,Austina,Badder,abadderpa@telegraph.co.uk,86-(515)332-6535,6160.30
912,Heath,Atkins,hatkinspb@ehow.com,223-(173)821-4681,7702.12
913,Christi,Holdin,choldinpc@opensource.org,86-(752)688-0177,7029.10
914,Kerri,Stovell,kstovellpd@flavors.me,84-(469)672-5103,2587.40
915,Jemimah,De Ruggiero,jderuggierope@webs.com,55-(195)989-0211,4986.84
916,Beverlee,Jaggli,bjagglipf@uol.com.br,27-(698)511-3826,6980.71
917,Ransom,Devany,rdevanypg@thetimes.co.uk,505-(479)311-7431,3728.83
918,Raynor,Rider,rriderph@usnews.com,86-(466)632-7636,5336.67
919,Wilden,Suckling,wsucklingpi@tripadvisor.com,86-(595)957-3856,6251.79
920,Alyce,Davenhall,adavenhallpj@xrea.com,55-(115)745-9108,8912.70
921,Xaviera,Narramore,xnarramorepk@amazon.de,55-(890)899-3360,5319.26
922,Bonnee,Rattrie,brattriepl@digg.com,62-(870)210-0405,8689.69
923,Cherish,Harling,charlingpm@php.net,20-(959)814-4010,3529.25
924,Manfred,Satterthwaite,msatterthwaitepn@noaa.gov,62-(700)962-1694,6583.43
925,Orly,Tamlett,otamlettpo@arizona.edu,47-(151)732-7150,6073.69
926,Binnie,Bonicelli,bbonicellipp@cnn.com,54-(891)430-7555,8995.18
927,Svend,Filipson,sfilipsonpq@is.gd,1-(716)101-6151,5202.93
928,Cori,Dingivan,cdingivanpr@instagram.com,63-(820)277-7483,2239.34
929,Berti,Leveret,bleveretps@yellowpages.com,63-(444)206-6810,6584.27
930,Haily,Egdal,hegdalpt@ocn.ne.jp,389-(974)753-5002,4242.66
931,Nathanial,Scurrell,nscurrellpu@people.com.cn,33-(363)494-0379,5252.88
932,Nikolaos,Kinnear,nkinnearpv@nationalgeographic.com,61-(283)581-4411,4395.80
933,Ciro,Studdert,cstuddertpw@webeden.co.uk,86-(380)668-6862,3666.14
934,Constantina,Saura,csaurapx@unesco.org,94-(909)887-6602,6172.99
935,Tibold,Loren,tlorenpy@buzzfeed.com,420-(264)850-9620,9997.99
936,Joseph,Banasik,jbanasikpz@house.gov,62-(714)279-0772,3174.42
937,Constancia,Martinson,cmartinsonq0@cbslocal.com,86-(126)132-3956,2980.00
938,Garfield,Callan,gcallanq1@upenn.edu,386-(995)246-7951,7416.35
939,Amelia,Perrat,aperratq2@ifeng.com,970-(955)292-6123,7542.70
940,Ginevra,Beardsall,gbeardsallq3@cdc.gov,7-(460)457-4392,2165.35
941,Prentice,Ingarfill,pingarfillq4@mayoclinic.com,55-(569)357-6041,7285.49
942,Lillian,Hanster,lhansterq5@about.me,84-(984)297-4707,3026.33
943,Innis,Reubens,ireubensq6@usnews.com,27-(471)782-6559,7117.34
944,Sadie,Alsford,salsfordq7@usnews.com,62-(723)273-4627,7945.74
945,Rhodie,Fretwell,rfretwellq8@1688.com,225-(188)521-0162,8996.84
946,Desmond,Deverale,ddeveraleq9@census.gov,56-(584)531-8029,4734.27
947,Zachariah,Yanshonok,zyanshonokqa@omniture.com,1-(407)997-6954,4862.08
948,Zitella,Frances,zfrancesqb@twitter.com,353-(832)460-6848,3548.47
949,Alethea,Yate,ayateqc@tinyurl.com,31-(913)477-1103,9368.11
950,Anna-maria,Maccrea,amaccreaqd@ocn.ne.jp,63-(294)667-4411,2573.91
951,Sheff,Order,sorderqe@ehow.com,55-(127)227-5311,5677.02
952,Toby,Ridolfo,tridolfoqf@hostgator.com,86-(503)680-2838,5020.78
953,Melisent,Levick,mlevickqg@furl.net,86-(974)454-0125,9347.40
954,Coraline,Scholig,cscholigqh@archive.org,51-(677)859-8070,2574.19
955,Kiersten,Marrett,kmarrettqi@devhub.com,86-(895)276-7735,6731.83
956,Gard,Rickets,gricketsqj@google.ru,81-(728)725-1566,7746.54
957,Kath,Burtonwood,kburtonwoodqk@latimes.com,31-(144)455-3726,9327.50
958,Hillel,Ledgard,hledgardql@ftc.gov,234-(810)210-9773,8516.41
959,Vincenty,Bridal,vbridalqm@businessinsider.com,374-(135)346-1339,7727.13
960,Delinda,Jorissen,djorissenqn@buzzfeed.com,63-(917)694-0176,8647.51
961,Em,Mumby,emumbyqo@oracle.com,234-(399)496-2309,7747.17
962,Shep,De Cruz,sdecruzqp@google.cn,7-(746)356-8786,8991.84
963,Buiron,Dolden,bdoldenqq@ovh.net,86-(256)707-1938,8311.15
964,Josefina,Ormes,jormesqr@gizmodo.com,55-(401)181-2671,6514.07
965,Haslett,McAndie,hmcandieqs@reuters.com,46-(679)698-0129,4813.24
966,Freda,Mordie,fmordieqt@scribd.com,86-(639)942-4189,4717.90
967,Cass,Antonoczyk,cantonoczykqu@ibm.com,55-(928)756-4008,9594.47
968,Emilee,Flanne,eflanneqv@moonfruit.com,46-(812)707-1176,3379.10
969,Clemens,Brou,cbrouqw@weather.com,389-(358)408-5475,9033.28
970,Gennie,Bounde,gboundeqx@purevolume.com,62-(722)846-5076,5441.26
971,Almire,Hyams,ahyamsqy@rakuten.co.jp,353-(268)989-2912,4040.46
972,Daveta,Clack,dclackqz@cafepress.com,86-(686)668-0517,5150.44
973,Nita,Ovise,noviser0@google.de,1-(626)956-6186,4594.58
974,Kaiser,Elsbury,kelsburyr1@ucsd.edu,57-(979)527-0280,9756.58
975,Franciska,Konert,fkonertr2@ycombinator.com,351-(330)996-3425,4329.71
976,Wyn,Rotherforth,wrotherforthr3@smugmug.com,994-(429)288-3539,6073.35
977,Wilhelm,Nicklen,wnicklenr4@unblog.fr,30-(610)646-6121,8247.47
978,Emmalyn,McLemon,emclemonr5@slate.com,54-(457)821-6455,3306.40
979,Elroy,Ashenhurst,eashenhurstr6@nsw.gov.au,62-(263)973-9843,3595.52
980,Hilde,Jurs,hjursr7@squarespace.com,81-(714)125-5449,8419.32
981,Pavlov,Gavagan,pgavaganr8@google.ru,86-(165)306-8078,4745.15
982,Egon,Ghest,eghestr9@newsvine.com,46-(246)375-0615,5230.46
983,Kile,Fritchley,kfritchleyra@bing.com,62-(729)984-7444,6556.34
984,Travus,Nelius,tneliusrb@nature.com,62-(745)200-6337,3639.51
985,Cathi,Gethouse,cgethouserc@usgs.gov,1-(115)633-8828,6586.19
986,Wallie,Pelling,wpellingrd@photobucket.com,63-(161)748-9297,5848.58
987,Lammond,Rudsdell,lrudsdellre@discuz.net,48-(438)459-3399,9456.62
988,Yulma,Segot,ysegotrf@admin.ch,7-(323)356-7685,5230.60
989,Sven,Dome,sdomerg@weibo.com,86-(365)678-9563,7441.21
990,Gertrud,Pourveer,gpourveerrh@zdnet.com,62-(309)254-3870,2904.43
991,Germain,Baraja,gbarajari@icq.com,63-(153)128-6551,6521.24
992,Marys,Tregonna,mtregonnarj@rakuten.co.jp,86-(906)200-6253,2846.17
993,Nikki,Tesche,ntescherk@reference.com,86-(837)491-7166,4157.19
994,Krystle,Hawford,khawfordrl@time.com,351-(483)708-3690,6925.09
995,Mikaela,Gaine of England,mgaineofenglandrm@state.gov,86-(842)285-3252,5586.43
996,Latisha,Sweynson,lsweynsonrn@apache.org,46-(656)763-2533,3691.77
997,Helena,Coils,hcoilsro@engadget.com,86-(815)711-4091,5880.81
998,Gloriane,Capstack,gcapstackrp@smh.com.au,86-(700)472-7754,2141.30
999,Rab,Carslake,rcarslakerq@home.pl,351-(871)425-3278,8326.61
1000,Vilhelmina,Coley,vcoleyrr@vkontakte.ru,62-(288)645-5342,6299.63
